# Triangulated UV-mapped street prop; meters; Z-up
mtllib narrow_office.mtl
o narrow_office
v -3.0000000 -7.0999999 0.0000000
v -3.0000000 -7.0999999 12.0000000
v -3.0000000 7.0999999 0.0000000
v -3.0000000 7.0999999 12.0000000
v 3.0000000 -7.0999999 0.0000000
v 3.0000000 -7.0999999 12.0000000
v 3.0000000 7.0999999 0.0000000
v 3.0000000 7.0999999 12.0000000
v -3.0500000 -7.1500001 0.0000000
v -3.0500000 -7.1500001 0.3599997
v -3.0500000 7.1500001 0.0000000
v -3.0500000 7.1500001 0.3599997
v 3.0500000 -7.1500001 0.0000000
v 3.0500000 -7.1500001 0.3599997
v 3.0500000 7.1500001 0.0000000
v 3.0500000 7.1500001 0.3599997
v -3.1199999 -7.2199998 12.0000000
v -3.1199999 -7.2199998 12.1599998
v -3.1199999 7.2199998 12.0000000
v -3.1199999 7.2199998 12.1599998
v 3.1199999 -7.2199998 12.0000000
v 3.1199999 -7.2199998 12.1599998
v 3.1199999 7.2199998 12.0000000
v 3.1199999 7.2199998 12.1599998
v -3.0799999 -7.1799998 2.7200000
v -3.0799999 -7.1799998 2.8799999
v -3.0799999 7.1799998 2.7200000
v -3.0799999 7.1799998 2.8799999
v 3.0799999 -7.1799998 2.7200000
v 3.0799999 -7.1799998 2.8799999
v 3.0799999 7.1799998 2.7200000
v 3.0799999 7.1799998 2.8799999
v -3.0799999 -7.1799998 11.7399998
v -3.0799999 -7.1799998 11.8999996
v -3.0799999 7.1799998 11.7399998
v -3.0799999 7.1799998 11.8999996
v 3.0799999 -7.1799998 11.7399998
v 3.0799999 -7.1799998 11.8999996
v 3.0799999 7.1799998 11.7399998
v 3.0799999 7.1799998 11.8999996
v -2.4900000 -7.1424999 2.7200000
v -2.4900000 -7.1424999 4.2799997
v -2.4900000 -7.1075001 2.7200000
v -2.4900000 -7.1075001 4.2799997
v -1.5100000 -7.1424999 2.7200000
v -1.5100000 -7.1424999 4.2799997
v -1.5100000 -7.1075001 2.7200000
v -1.5100000 -7.1075001 4.2799997
v -2.4200001 -7.1624999 2.7900000
v -2.4200001 -7.1624999 4.2100000
v -2.4200001 -7.1375003 2.7900000
v -2.4200001 -7.1375003 4.2100000
v -1.5800000 -7.1624999 2.7900000
v -1.5800000 -7.1624999 4.2100000
v -1.5800000 -7.1375003 2.7900000
v -1.5800000 -7.1375003 4.2100000
v -2.5550001 -7.1999998 2.6125002
v -2.5550001 -7.1999998 2.6875000
v -2.5550001 -7.0500002 2.6125002
v -2.5550001 -7.0500002 2.6875000
v -1.4449999 -7.1999998 2.6125002
v -1.4449999 -7.1999998 2.6875000
v -1.4449999 -7.0500002 2.6125002
v -1.4449999 -7.0500002 2.6875000
v -0.4900000 -7.1424999 2.7200000
v -0.4900000 -7.1424999 4.2799997
v -0.4900000 -7.1075001 2.7200000
v -0.4900000 -7.1075001 4.2799997
v 0.4900000 -7.1424999 2.7200000
v 0.4900000 -7.1424999 4.2799997
v 0.4900000 -7.1075001 2.7200000
v 0.4900000 -7.1075001 4.2799997
v -0.4200000 -7.1624999 2.7900000
v -0.4200000 -7.1624999 4.2100000
v -0.4200000 -7.1375003 2.7900000
v -0.4200000 -7.1375003 4.2100000
v 0.4200000 -7.1624999 2.7900000
v 0.4200000 -7.1624999 4.2100000
v 0.4200000 -7.1375003 2.7900000
v 0.4200000 -7.1375003 4.2100000
v -0.5550000 -7.1999998 2.6125002
v -0.5550000 -7.1999998 2.6875000
v -0.5550000 -7.0500002 2.6125002
v -0.5550000 -7.0500002 2.6875000
v 0.5550000 -7.1999998 2.6125002
v 0.5550000 -7.1999998 2.6875000
v 0.5550000 -7.0500002 2.6125002
v 0.5550000 -7.0500002 2.6875000
v 1.5100000 -7.1424999 2.7200000
v 1.5100000 -7.1424999 4.2799997
v 1.5100000 -7.1075001 2.7200000
v 1.5100000 -7.1075001 4.2799997
v 2.4900000 -7.1424999 2.7200000
v 2.4900000 -7.1424999 4.2799997
v 2.4900000 -7.1075001 2.7200000
v 2.4900000 -7.1075001 4.2799997
v 1.5800000 -7.1624999 2.7900000
v 1.5800000 -7.1624999 4.2100000
v 1.5800000 -7.1375003 2.7900000
v 1.5800000 -7.1375003 4.2100000
v 2.4200001 -7.1624999 2.7900000
v 2.4200001 -7.1624999 4.2100000
v 2.4200001 -7.1375003 2.7900000
v 2.4200001 -7.1375003 4.2100000
v 1.4449999 -7.1999998 2.6125002
v 1.4449999 -7.1999998 2.6875000
v 1.4449999 -7.0500002 2.6125002
v 1.4449999 -7.0500002 2.6875000
v 2.5550001 -7.1999998 2.6125002
v 2.5550001 -7.1999998 2.6875000
v 2.5550001 -7.0500002 2.6125002
v 2.5550001 -7.0500002 2.6875000
v -2.4900000 -7.1424999 5.3199997
v -2.4900000 -7.1424999 6.8800001
v -2.4900000 -7.1075001 5.3199997
v -2.4900000 -7.1075001 6.8800001
v -1.5100000 -7.1424999 5.3199997
v -1.5100000 -7.1424999 6.8800001
v -1.5100000 -7.1075001 5.3199997
v -1.5100000 -7.1075001 6.8800001
v -2.4200001 -7.1624999 5.3899999
v -2.4200001 -7.1624999 6.8099999
v -2.4200001 -7.1375003 5.3899999
v -2.4200001 -7.1375003 6.8099999
v -1.5800000 -7.1624999 5.3899999
v -1.5800000 -7.1624999 6.8099999
v -1.5800000 -7.1375003 5.3899999
v -1.5800000 -7.1375003 6.8099999
v -2.5550001 -7.1999998 5.2125001
v -2.5550001 -7.1999998 5.2874999
v -2.5550001 -7.0500002 5.2125001
v -2.5550001 -7.0500002 5.2874999
v -1.4449999 -7.1999998 5.2125001
v -1.4449999 -7.1999998 5.2874999
v -1.4449999 -7.0500002 5.2125001
v -1.4449999 -7.0500002 5.2874999
v -0.4900000 -7.1424999 5.3199997
v -0.4900000 -7.1424999 6.8800001
v -0.4900000 -7.1075001 5.3199997
v -0.4900000 -7.1075001 6.8800001
v 0.4900000 -7.1424999 5.3199997
v 0.4900000 -7.1424999 6.8800001
v 0.4900000 -7.1075001 5.3199997
v 0.4900000 -7.1075001 6.8800001
v -0.4200000 -7.1624999 5.3899999
v -0.4200000 -7.1624999 6.8099999
v -0.4200000 -7.1375003 5.3899999
v -0.4200000 -7.1375003 6.8099999
v 0.4200000 -7.1624999 5.3899999
v 0.4200000 -7.1624999 6.8099999
v 0.4200000 -7.1375003 5.3899999
v 0.4200000 -7.1375003 6.8099999
v -0.5550000 -7.1999998 5.2125001
v -0.5550000 -7.1999998 5.2874999
v -0.5550000 -7.0500002 5.2125001
v -0.5550000 -7.0500002 5.2874999
v 0.5550000 -7.1999998 5.2125001
v 0.5550000 -7.1999998 5.2874999
v 0.5550000 -7.0500002 5.2125001
v 0.5550000 -7.0500002 5.2874999
v 1.5100000 -7.1424999 5.3199997
v 1.5100000 -7.1424999 6.8800001
v 1.5100000 -7.1075001 5.3199997
v 1.5100000 -7.1075001 6.8800001
v 2.4900000 -7.1424999 5.3199997
v 2.4900000 -7.1424999 6.8800001
v 2.4900000 -7.1075001 5.3199997
v 2.4900000 -7.1075001 6.8800001
v 1.5800000 -7.1624999 5.3899999
v 1.5800000 -7.1624999 6.8099999
v 1.5800000 -7.1375003 5.3899999
v 1.5800000 -7.1375003 6.8099999
v 2.4200001 -7.1624999 5.3899999
v 2.4200001 -7.1624999 6.8099999
v 2.4200001 -7.1375003 5.3899999
v 2.4200001 -7.1375003 6.8099999
v 1.4449999 -7.1999998 5.2125001
v 1.4449999 -7.1999998 5.2874999
v 1.4449999 -7.0500002 5.2125001
v 1.4449999 -7.0500002 5.2874999
v 2.5550001 -7.1999998 5.2125001
v 2.5550001 -7.1999998 5.2874999
v 2.5550001 -7.0500002 5.2125001
v 2.5550001 -7.0500002 5.2874999
v -2.4900000 -7.1424999 7.9200001
v -2.4900000 -7.1424999 9.4799995
v -2.4900000 -7.1075001 7.9200001
v -2.4900000 -7.1075001 9.4799995
v -1.5100000 -7.1424999 7.9200001
v -1.5100000 -7.1424999 9.4799995
v -1.5100000 -7.1075001 7.9200001
v -1.5100000 -7.1075001 9.4799995
v -2.4200001 -7.1624999 7.9899998
v -2.4200001 -7.1624999 9.4099998
v -2.4200001 -7.1375003 7.9899998
v -2.4200001 -7.1375003 9.4099998
v -1.5800000 -7.1624999 7.9899998
v -1.5800000 -7.1624999 9.4099998
v -1.5800000 -7.1375003 7.9899998
v -1.5800000 -7.1375003 9.4099998
v -2.5550001 -7.1999998 7.8125000
v -2.5550001 -7.1999998 7.8874998
v -2.5550001 -7.0500002 7.8125000
v -2.5550001 -7.0500002 7.8874998
v -1.4449999 -7.1999998 7.8125000
v -1.4449999 -7.1999998 7.8874998
v -1.4449999 -7.0500002 7.8125000
v -1.4449999 -7.0500002 7.8874998
v -0.4900000 -7.1424999 7.9200001
v -0.4900000 -7.1424999 9.4799995
v -0.4900000 -7.1075001 7.9200001
v -0.4900000 -7.1075001 9.4799995
v 0.4900000 -7.1424999 7.9200001
v 0.4900000 -7.1424999 9.4799995
v 0.4900000 -7.1075001 7.9200001
v 0.4900000 -7.1075001 9.4799995
v -0.4200000 -7.1624999 7.9899998
v -0.4200000 -7.1624999 9.4099998
v -0.4200000 -7.1375003 7.9899998
v -0.4200000 -7.1375003 9.4099998
v 0.4200000 -7.1624999 7.9899998
v 0.4200000 -7.1624999 9.4099998
v 0.4200000 -7.1375003 7.9899998
v 0.4200000 -7.1375003 9.4099998
v -0.5550000 -7.1999998 7.8125000
v -0.5550000 -7.1999998 7.8874998
v -0.5550000 -7.0500002 7.8125000
v -0.5550000 -7.0500002 7.8874998
v 0.5550000 -7.1999998 7.8125000
v 0.5550000 -7.1999998 7.8874998
v 0.5550000 -7.0500002 7.8125000
v 0.5550000 -7.0500002 7.8874998
v 1.5100000 -7.1424999 7.9200001
v 1.5100000 -7.1424999 9.4799995
v 1.5100000 -7.1075001 7.9200001
v 1.5100000 -7.1075001 9.4799995
v 2.4900000 -7.1424999 7.9200001
v 2.4900000 -7.1424999 9.4799995
v 2.4900000 -7.1075001 7.9200001
v 2.4900000 -7.1075001 9.4799995
v 1.5800000 -7.1624999 7.9899998
v 1.5800000 -7.1624999 9.4099998
v 1.5800000 -7.1375003 7.9899998
v 1.5800000 -7.1375003 9.4099998
v 2.4200001 -7.1624999 7.9899998
v 2.4200001 -7.1624999 9.4099998
v 2.4200001 -7.1375003 7.9899998
v 2.4200001 -7.1375003 9.4099998
v 1.4449999 -7.1999998 7.8125000
v 1.4449999 -7.1999998 7.8874998
v 1.4449999 -7.0500002 7.8125000
v 1.4449999 -7.0500002 7.8874998
v 2.5550001 -7.1999998 7.8125000
v 2.5550001 -7.1999998 7.8874998
v 2.5550001 -7.0500002 7.8125000
v 2.5550001 -7.0500002 7.8874998
v -2.4900000 7.1075001 2.7200000
v -2.4900000 7.1075001 4.2799997
v -2.4900000 7.1424999 2.7200000
v -2.4900000 7.1424999 4.2799997
v -1.5100000 7.1075001 2.7200000
v -1.5100000 7.1075001 4.2799997
v -1.5100000 7.1424999 2.7200000
v -1.5100000 7.1424999 4.2799997
v -2.4200001 7.1375003 2.7900000
v -2.4200001 7.1375003 4.2100000
v -2.4200001 7.1624999 2.7900000
v -2.4200001 7.1624999 4.2100000
v -1.5800000 7.1375003 2.7900000
v -1.5800000 7.1375003 4.2100000
v -1.5800000 7.1624999 2.7900000
v -1.5800000 7.1624999 4.2100000
v -2.5550001 7.0500002 2.6125002
v -2.5550001 7.0500002 2.6875000
v -2.5550001 7.1999998 2.6125002
v -2.5550001 7.1999998 2.6875000
v -1.4449999 7.0500002 2.6125002
v -1.4449999 7.0500002 2.6875000
v -1.4449999 7.1999998 2.6125002
v -1.4449999 7.1999998 2.6875000
v -0.4900000 7.1075001 2.7200000
v -0.4900000 7.1075001 4.2799997
v -0.4900000 7.1424999 2.7200000
v -0.4900000 7.1424999 4.2799997
v 0.4900000 7.1075001 2.7200000
v 0.4900000 7.1075001 4.2799997
v 0.4900000 7.1424999 2.7200000
v 0.4900000 7.1424999 4.2799997
v -0.4200000 7.1375003 2.7900000
v -0.4200000 7.1375003 4.2100000
v -0.4200000 7.1624999 2.7900000
v -0.4200000 7.1624999 4.2100000
v 0.4200000 7.1375003 2.7900000
v 0.4200000 7.1375003 4.2100000
v 0.4200000 7.1624999 2.7900000
v 0.4200000 7.1624999 4.2100000
v -0.5550000 7.0500002 2.6125002
v -0.5550000 7.0500002 2.6875000
v -0.5550000 7.1999998 2.6125002
v -0.5550000 7.1999998 2.6875000
v 0.5550000 7.0500002 2.6125002
v 0.5550000 7.0500002 2.6875000
v 0.5550000 7.1999998 2.6125002
v 0.5550000 7.1999998 2.6875000
v 1.5100000 7.1075001 2.7200000
v 1.5100000 7.1075001 4.2799997
v 1.5100000 7.1424999 2.7200000
v 1.5100000 7.1424999 4.2799997
v 2.4900000 7.1075001 2.7200000
v 2.4900000 7.1075001 4.2799997
v 2.4900000 7.1424999 2.7200000
v 2.4900000 7.1424999 4.2799997
v 1.5800000 7.1375003 2.7900000
v 1.5800000 7.1375003 4.2100000
v 1.5800000 7.1624999 2.7900000
v 1.5800000 7.1624999 4.2100000
v 2.4200001 7.1375003 2.7900000
v 2.4200001 7.1375003 4.2100000
v 2.4200001 7.1624999 2.7900000
v 2.4200001 7.1624999 4.2100000
v 1.4449999 7.0500002 2.6125002
v 1.4449999 7.0500002 2.6875000
v 1.4449999 7.1999998 2.6125002
v 1.4449999 7.1999998 2.6875000
v 2.5550001 7.0500002 2.6125002
v 2.5550001 7.0500002 2.6875000
v 2.5550001 7.1999998 2.6125002
v 2.5550001 7.1999998 2.6875000
v -2.4900000 7.1075001 5.3199997
v -2.4900000 7.1075001 6.8800001
v -2.4900000 7.1424999 5.3199997
v -2.4900000 7.1424999 6.8800001
v -1.5100000 7.1075001 5.3199997
v -1.5100000 7.1075001 6.8800001
v -1.5100000 7.1424999 5.3199997
v -1.5100000 7.1424999 6.8800001
v -2.4200001 7.1375003 5.3899999
v -2.4200001 7.1375003 6.8099999
v -2.4200001 7.1624999 5.3899999
v -2.4200001 7.1624999 6.8099999
v -1.5800000 7.1375003 5.3899999
v -1.5800000 7.1375003 6.8099999
v -1.5800000 7.1624999 5.3899999
v -1.5800000 7.1624999 6.8099999
v -2.5550001 7.0500002 5.2125001
v -2.5550001 7.0500002 5.2874999
v -2.5550001 7.1999998 5.2125001
v -2.5550001 7.1999998 5.2874999
v -1.4449999 7.0500002 5.2125001
v -1.4449999 7.0500002 5.2874999
v -1.4449999 7.1999998 5.2125001
v -1.4449999 7.1999998 5.2874999
v -0.4900000 7.1075001 5.3199997
v -0.4900000 7.1075001 6.8800001
v -0.4900000 7.1424999 5.3199997
v -0.4900000 7.1424999 6.8800001
v 0.4900000 7.1075001 5.3199997
v 0.4900000 7.1075001 6.8800001
v 0.4900000 7.1424999 5.3199997
v 0.4900000 7.1424999 6.8800001
v -0.4200000 7.1375003 5.3899999
v -0.4200000 7.1375003 6.8099999
v -0.4200000 7.1624999 5.3899999
v -0.4200000 7.1624999 6.8099999
v 0.4200000 7.1375003 5.3899999
v 0.4200000 7.1375003 6.8099999
v 0.4200000 7.1624999 5.3899999
v 0.4200000 7.1624999 6.8099999
v -0.5550000 7.0500002 5.2125001
v -0.5550000 7.0500002 5.2874999
v -0.5550000 7.1999998 5.2125001
v -0.5550000 7.1999998 5.2874999
v 0.5550000 7.0500002 5.2125001
v 0.5550000 7.0500002 5.2874999
v 0.5550000 7.1999998 5.2125001
v 0.5550000 7.1999998 5.2874999
v 1.5100000 7.1075001 5.3199997
v 1.5100000 7.1075001 6.8800001
v 1.5100000 7.1424999 5.3199997
v 1.5100000 7.1424999 6.8800001
v 2.4900000 7.1075001 5.3199997
v 2.4900000 7.1075001 6.8800001
v 2.4900000 7.1424999 5.3199997
v 2.4900000 7.1424999 6.8800001
v 1.5800000 7.1375003 5.3899999
v 1.5800000 7.1375003 6.8099999
v 1.5800000 7.1624999 5.3899999
v 1.5800000 7.1624999 6.8099999
v 2.4200001 7.1375003 5.3899999
v 2.4200001 7.1375003 6.8099999
v 2.4200001 7.1624999 5.3899999
v 2.4200001 7.1624999 6.8099999
v 1.4449999 7.0500002 5.2125001
v 1.4449999 7.0500002 5.2874999
v 1.4449999 7.1999998 5.2125001
v 1.4449999 7.1999998 5.2874999
v 2.5550001 7.0500002 5.2125001
v 2.5550001 7.0500002 5.2874999
v 2.5550001 7.1999998 5.2125001
v 2.5550001 7.1999998 5.2874999
v -2.4900000 7.1075001 7.9200001
v -2.4900000 7.1075001 9.4799995
v -2.4900000 7.1424999 7.9200001
v -2.4900000 7.1424999 9.4799995
v -1.5100000 7.1075001 7.9200001
v -1.5100000 7.1075001 9.4799995
v -1.5100000 7.1424999 7.9200001
v -1.5100000 7.1424999 9.4799995
v -2.4200001 7.1375003 7.9899998
v -2.4200001 7.1375003 9.4099998
v -2.4200001 7.1624999 7.9899998
v -2.4200001 7.1624999 9.4099998
v -1.5800000 7.1375003 7.9899998
v -1.5800000 7.1375003 9.4099998
v -1.5800000 7.1624999 7.9899998
v -1.5800000 7.1624999 9.4099998
v -2.5550001 7.0500002 7.8125000
v -2.5550001 7.0500002 7.8874998
v -2.5550001 7.1999998 7.8125000
v -2.5550001 7.1999998 7.8874998
v -1.4449999 7.0500002 7.8125000
v -1.4449999 7.0500002 7.8874998
v -1.4449999 7.1999998 7.8125000
v -1.4449999 7.1999998 7.8874998
v -0.4900000 7.1075001 7.9200001
v -0.4900000 7.1075001 9.4799995
v -0.4900000 7.1424999 7.9200001
v -0.4900000 7.1424999 9.4799995
v 0.4900000 7.1075001 7.9200001
v 0.4900000 7.1075001 9.4799995
v 0.4900000 7.1424999 7.9200001
v 0.4900000 7.1424999 9.4799995
v -0.4200000 7.1375003 7.9899998
v -0.4200000 7.1375003 9.4099998
v -0.4200000 7.1624999 7.9899998
v -0.4200000 7.1624999 9.4099998
v 0.4200000 7.1375003 7.9899998
v 0.4200000 7.1375003 9.4099998
v 0.4200000 7.1624999 7.9899998
v 0.4200000 7.1624999 9.4099998
v -0.5550000 7.0500002 7.8125000
v -0.5550000 7.0500002 7.8874998
v -0.5550000 7.1999998 7.8125000
v -0.5550000 7.1999998 7.8874998
v 0.5550000 7.0500002 7.8125000
v 0.5550000 7.0500002 7.8874998
v 0.5550000 7.1999998 7.8125000
v 0.5550000 7.1999998 7.8874998
v 1.5100000 7.1075001 7.9200001
v 1.5100000 7.1075001 9.4799995
v 1.5100000 7.1424999 7.9200001
v 1.5100000 7.1424999 9.4799995
v 2.4900000 7.1075001 7.9200001
v 2.4900000 7.1075001 9.4799995
v 2.4900000 7.1424999 7.9200001
v 2.4900000 7.1424999 9.4799995
v 1.5800000 7.1375003 7.9899998
v 1.5800000 7.1375003 9.4099998
v 1.5800000 7.1624999 7.9899998
v 1.5800000 7.1624999 9.4099998
v 2.4200001 7.1375003 7.9899998
v 2.4200001 7.1375003 9.4099998
v 2.4200001 7.1624999 7.9899998
v 2.4200001 7.1624999 9.4099998
v 1.4449999 7.0500002 7.8125000
v 1.4449999 7.0500002 7.8874998
v 1.4449999 7.1999998 7.8125000
v 1.4449999 7.1999998 7.8874998
v 2.5550001 7.0500002 7.8125000
v 2.5550001 7.0500002 7.8874998
v 2.5550001 7.1999998 7.8125000
v 2.5550001 7.1999998 7.8874998
v -3.0425000 -4.4660001 2.7200000
v -3.0425000 -4.4660001 4.2799997
v -3.0425000 -3.4860001 2.7200000
v -3.0425000 -3.4860001 4.2799997
v -3.0075002 -4.4660001 2.7200000
v -3.0075002 -4.4660001 4.2799997
v -3.0075002 -3.4860001 2.7200000
v -3.0075002 -3.4860001 4.2799997
v -3.0625000 -4.3959999 2.7900000
v -3.0625000 -4.3959999 4.2100000
v -3.0625000 -3.5560000 2.7900000
v -3.0625000 -3.5560000 4.2100000
v -3.0374999 -4.3959999 2.7900000
v -3.0374999 -4.3959999 4.2100000
v -3.0374999 -3.5560000 2.7900000
v -3.0374999 -3.5560000 4.2100000
v -3.1000001 -4.5310001 2.6125002
v -3.1000001 -4.5310001 2.6875000
v -3.1000001 -3.4210000 2.6125002
v -3.1000001 -3.4210000 2.6875000
v -2.9500000 -4.5310001 2.6125002
v -2.9500000 -4.5310001 2.6875000
v -2.9500000 -3.4210000 2.6125002
v -2.9500000 -3.4210000 2.6875000
v -3.0425000 -0.4900000 2.7200000
v -3.0425000 -0.4900000 4.2799997
v -3.0425000 0.4900000 2.7200000
v -3.0425000 0.4900000 4.2799997
v -3.0075002 -0.4900000 2.7200000
v -3.0075002 -0.4900000 4.2799997
v -3.0075002 0.4900000 2.7200000
v -3.0075002 0.4900000 4.2799997
v -3.0625000 -0.4200000 2.7900000
v -3.0625000 -0.4200000 4.2100000
v -3.0625000 0.4200000 2.7900000
v -3.0625000 0.4200000 4.2100000
v -3.0374999 -0.4200000 2.7900000
v -3.0374999 -0.4200000 4.2100000
v -3.0374999 0.4200000 2.7900000
v -3.0374999 0.4200000 4.2100000
v -3.1000001 -0.5550000 2.6125002
v -3.1000001 -0.5550000 2.6875000
v -3.1000001 0.5550000 2.6125002
v -3.1000001 0.5550000 2.6875000
v -2.9500000 -0.5550000 2.6125002
v -2.9500000 -0.5550000 2.6875000
v -2.9500000 0.5550000 2.6125002
v -2.9500000 0.5550000 2.6875000
v -3.0425000 3.4860001 2.7200000
v -3.0425000 3.4860001 4.2799997
v -3.0425000 4.4660001 2.7200000
v -3.0425000 4.4660001 4.2799997
v -3.0075002 3.4860001 2.7200000
v -3.0075002 3.4860001 4.2799997
v -3.0075002 4.4660001 2.7200000
v -3.0075002 4.4660001 4.2799997
v -3.0625000 3.5560000 2.7900000
v -3.0625000 3.5560000 4.2100000
v -3.0625000 4.3959999 2.7900000
v -3.0625000 4.3959999 4.2100000
v -3.0374999 3.5560000 2.7900000
v -3.0374999 3.5560000 4.2100000
v -3.0374999 4.3959999 2.7900000
v -3.0374999 4.3959999 4.2100000
v -3.1000001 3.4210000 2.6125002
v -3.1000001 3.4210000 2.6875000
v -3.1000001 4.5310001 2.6125002
v -3.1000001 4.5310001 2.6875000
v -2.9500000 3.4210000 2.6125002
v -2.9500000 3.4210000 2.6875000
v -2.9500000 4.5310001 2.6125002
v -2.9500000 4.5310001 2.6875000
v -3.0425000 -4.4660001 5.3199997
v -3.0425000 -4.4660001 6.8800001
v -3.0425000 -3.4860001 5.3199997
v -3.0425000 -3.4860001 6.8800001
v -3.0075002 -4.4660001 5.3199997
v -3.0075002 -4.4660001 6.8800001
v -3.0075002 -3.4860001 5.3199997
v -3.0075002 -3.4860001 6.8800001
v -3.0625000 -4.3959999 5.3899999
v -3.0625000 -4.3959999 6.8099999
v -3.0625000 -3.5560000 5.3899999
v -3.0625000 -3.5560000 6.8099999
v -3.0374999 -4.3959999 5.3899999
v -3.0374999 -4.3959999 6.8099999
v -3.0374999 -3.5560000 5.3899999
v -3.0374999 -3.5560000 6.8099999
v -3.1000001 -4.5310001 5.2125001
v -3.1000001 -4.5310001 5.2874999
v -3.1000001 -3.4210000 5.2125001
v -3.1000001 -3.4210000 5.2874999
v -2.9500000 -4.5310001 5.2125001
v -2.9500000 -4.5310001 5.2874999
v -2.9500000 -3.4210000 5.2125001
v -2.9500000 -3.4210000 5.2874999
v -3.0425000 -0.4900000 5.3199997
v -3.0425000 -0.4900000 6.8800001
v -3.0425000 0.4900000 5.3199997
v -3.0425000 0.4900000 6.8800001
v -3.0075002 -0.4900000 5.3199997
v -3.0075002 -0.4900000 6.8800001
v -3.0075002 0.4900000 5.3199997
v -3.0075002 0.4900000 6.8800001
v -3.0625000 -0.4200000 5.3899999
v -3.0625000 -0.4200000 6.8099999
v -3.0625000 0.4200000 5.3899999
v -3.0625000 0.4200000 6.8099999
v -3.0374999 -0.4200000 5.3899999
v -3.0374999 -0.4200000 6.8099999
v -3.0374999 0.4200000 5.3899999
v -3.0374999 0.4200000 6.8099999
v -3.1000001 -0.5550000 5.2125001
v -3.1000001 -0.5550000 5.2874999
v -3.1000001 0.5550000 5.2125001
v -3.1000001 0.5550000 5.2874999
v -2.9500000 -0.5550000 5.2125001
v -2.9500000 -0.5550000 5.2874999
v -2.9500000 0.5550000 5.2125001
v -2.9500000 0.5550000 5.2874999
v -3.0425000 3.4860001 5.3199997
v -3.0425000 3.4860001 6.8800001
v -3.0425000 4.4660001 5.3199997
v -3.0425000 4.4660001 6.8800001
v -3.0075002 3.4860001 5.3199997
v -3.0075002 3.4860001 6.8800001
v -3.0075002 4.4660001 5.3199997
v -3.0075002 4.4660001 6.8800001
v -3.0625000 3.5560000 5.3899999
v -3.0625000 3.5560000 6.8099999
v -3.0625000 4.3959999 5.3899999
v -3.0625000 4.3959999 6.8099999
v -3.0374999 3.5560000 5.3899999
v -3.0374999 3.5560000 6.8099999
v -3.0374999 4.3959999 5.3899999
v -3.0374999 4.3959999 6.8099999
v -3.1000001 3.4210000 5.2125001
v -3.1000001 3.4210000 5.2874999
v -3.1000001 4.5310001 5.2125001
v -3.1000001 4.5310001 5.2874999
v -2.9500000 3.4210000 5.2125001
v -2.9500000 3.4210000 5.2874999
v -2.9500000 4.5310001 5.2125001
v -2.9500000 4.5310001 5.2874999
v -3.0425000 -4.4660001 7.9200001
v -3.0425000 -4.4660001 9.4799995
v -3.0425000 -3.4860001 7.9200001
v -3.0425000 -3.4860001 9.4799995
v -3.0075002 -4.4660001 7.9200001
v -3.0075002 -4.4660001 9.4799995
v -3.0075002 -3.4860001 7.9200001
v -3.0075002 -3.4860001 9.4799995
v -3.0625000 -4.3959999 7.9899998
v -3.0625000 -4.3959999 9.4099998
v -3.0625000 -3.5560000 7.9899998
v -3.0625000 -3.5560000 9.4099998
v -3.0374999 -4.3959999 7.9899998
v -3.0374999 -4.3959999 9.4099998
v -3.0374999 -3.5560000 7.9899998
v -3.0374999 -3.5560000 9.4099998
v -3.1000001 -4.5310001 7.8125000
v -3.1000001 -4.5310001 7.8874998
v -3.1000001 -3.4210000 7.8125000
v -3.1000001 -3.4210000 7.8874998
v -2.9500000 -4.5310001 7.8125000
v -2.9500000 -4.5310001 7.8874998
v -2.9500000 -3.4210000 7.8125000
v -2.9500000 -3.4210000 7.8874998
v -3.0425000 -0.4900000 7.9200001
v -3.0425000 -0.4900000 9.4799995
v -3.0425000 0.4900000 7.9200001
v -3.0425000 0.4900000 9.4799995
v -3.0075002 -0.4900000 7.9200001
v -3.0075002 -0.4900000 9.4799995
v -3.0075002 0.4900000 7.9200001
v -3.0075002 0.4900000 9.4799995
v -3.0625000 -0.4200000 7.9899998
v -3.0625000 -0.4200000 9.4099998
v -3.0625000 0.4200000 7.9899998
v -3.0625000 0.4200000 9.4099998
v -3.0374999 -0.4200000 7.9899998
v -3.0374999 -0.4200000 9.4099998
v -3.0374999 0.4200000 7.9899998
v -3.0374999 0.4200000 9.4099998
v -3.1000001 -0.5550000 7.8125000
v -3.1000001 -0.5550000 7.8874998
v -3.1000001 0.5550000 7.8125000
v -3.1000001 0.5550000 7.8874998
v -2.9500000 -0.5550000 7.8125000
v -2.9500000 -0.5550000 7.8874998
v -2.9500000 0.5550000 7.8125000
v -2.9500000 0.5550000 7.8874998
v -3.0425000 3.4860001 7.9200001
v -3.0425000 3.4860001 9.4799995
v -3.0425000 4.4660001 7.9200001
v -3.0425000 4.4660001 9.4799995
v -3.0075002 3.4860001 7.9200001
v -3.0075002 3.4860001 9.4799995
v -3.0075002 4.4660001 7.9200001
v -3.0075002 4.4660001 9.4799995
v -3.0625000 3.5560000 7.9899998
v -3.0625000 3.5560000 9.4099998
v -3.0625000 4.3959999 7.9899998
v -3.0625000 4.3959999 9.4099998
v -3.0374999 3.5560000 7.9899998
v -3.0374999 3.5560000 9.4099998
v -3.0374999 4.3959999 7.9899998
v -3.0374999 4.3959999 9.4099998
v -3.1000001 3.4210000 7.8125000
v -3.1000001 3.4210000 7.8874998
v -3.1000001 4.5310001 7.8125000
v -3.1000001 4.5310001 7.8874998
v -2.9500000 3.4210000 7.8125000
v -2.9500000 3.4210000 7.8874998
v -2.9500000 4.5310001 7.8125000
v -2.9500000 4.5310001 7.8874998
v 3.0075002 -4.4660001 2.7200000
v 3.0075002 -4.4660001 4.2799997
v 3.0075002 -3.4860001 2.7200000
v 3.0075002 -3.4860001 4.2799997
v 3.0425000 -4.4660001 2.7200000
v 3.0425000 -4.4660001 4.2799997
v 3.0425000 -3.4860001 2.7200000
v 3.0425000 -3.4860001 4.2799997
v 3.0374999 -4.3959999 2.7900000
v 3.0374999 -4.3959999 4.2100000
v 3.0374999 -3.5560000 2.7900000
v 3.0374999 -3.5560000 4.2100000
v 3.0625000 -4.3959999 2.7900000
v 3.0625000 -4.3959999 4.2100000
v 3.0625000 -3.5560000 2.7900000
v 3.0625000 -3.5560000 4.2100000
v 2.9500000 -4.5310001 2.6125002
v 2.9500000 -4.5310001 2.6875000
v 2.9500000 -3.4210000 2.6125002
v 2.9500000 -3.4210000 2.6875000
v 3.1000001 -4.5310001 2.6125002
v 3.1000001 -4.5310001 2.6875000
v 3.1000001 -3.4210000 2.6125002
v 3.1000001 -3.4210000 2.6875000
v 3.0075002 -0.4900000 2.7200000
v 3.0075002 -0.4900000 4.2799997
v 3.0075002 0.4900000 2.7200000
v 3.0075002 0.4900000 4.2799997
v 3.0425000 -0.4900000 2.7200000
v 3.0425000 -0.4900000 4.2799997
v 3.0425000 0.4900000 2.7200000
v 3.0425000 0.4900000 4.2799997
v 3.0374999 -0.4200000 2.7900000
v 3.0374999 -0.4200000 4.2100000
v 3.0374999 0.4200000 2.7900000
v 3.0374999 0.4200000 4.2100000
v 3.0625000 -0.4200000 2.7900000
v 3.0625000 -0.4200000 4.2100000
v 3.0625000 0.4200000 2.7900000
v 3.0625000 0.4200000 4.2100000
v 2.9500000 -0.5550000 2.6125002
v 2.9500000 -0.5550000 2.6875000
v 2.9500000 0.5550000 2.6125002
v 2.9500000 0.5550000 2.6875000
v 3.1000001 -0.5550000 2.6125002
v 3.1000001 -0.5550000 2.6875000
v 3.1000001 0.5550000 2.6125002
v 3.1000001 0.5550000 2.6875000
v 3.0075002 3.4860001 2.7200000
v 3.0075002 3.4860001 4.2799997
v 3.0075002 4.4660001 2.7200000
v 3.0075002 4.4660001 4.2799997
v 3.0425000 3.4860001 2.7200000
v 3.0425000 3.4860001 4.2799997
v 3.0425000 4.4660001 2.7200000
v 3.0425000 4.4660001 4.2799997
v 3.0374999 3.5560000 2.7900000
v 3.0374999 3.5560000 4.2100000
v 3.0374999 4.3959999 2.7900000
v 3.0374999 4.3959999 4.2100000
v 3.0625000 3.5560000 2.7900000
v 3.0625000 3.5560000 4.2100000
v 3.0625000 4.3959999 2.7900000
v 3.0625000 4.3959999 4.2100000
v 2.9500000 3.4210000 2.6125002
v 2.9500000 3.4210000 2.6875000
v 2.9500000 4.5310001 2.6125002
v 2.9500000 4.5310001 2.6875000
v 3.1000001 3.4210000 2.6125002
v 3.1000001 3.4210000 2.6875000
v 3.1000001 4.5310001 2.6125002
v 3.1000001 4.5310001 2.6875000
v 3.0075002 -4.4660001 5.3199997
v 3.0075002 -4.4660001 6.8800001
v 3.0075002 -3.4860001 5.3199997
v 3.0075002 -3.4860001 6.8800001
v 3.0425000 -4.4660001 5.3199997
v 3.0425000 -4.4660001 6.8800001
v 3.0425000 -3.4860001 5.3199997
v 3.0425000 -3.4860001 6.8800001
v 3.0374999 -4.3959999 5.3899999
v 3.0374999 -4.3959999 6.8099999
v 3.0374999 -3.5560000 5.3899999
v 3.0374999 -3.5560000 6.8099999
v 3.0625000 -4.3959999 5.3899999
v 3.0625000 -4.3959999 6.8099999
v 3.0625000 -3.5560000 5.3899999
v 3.0625000 -3.5560000 6.8099999
v 2.9500000 -4.5310001 5.2125001
v 2.9500000 -4.5310001 5.2874999
v 2.9500000 -3.4210000 5.2125001
v 2.9500000 -3.4210000 5.2874999
v 3.1000001 -4.5310001 5.2125001
v 3.1000001 -4.5310001 5.2874999
v 3.1000001 -3.4210000 5.2125001
v 3.1000001 -3.4210000 5.2874999
v 3.0075002 -0.4900000 5.3199997
v 3.0075002 -0.4900000 6.8800001
v 3.0075002 0.4900000 5.3199997
v 3.0075002 0.4900000 6.8800001
v 3.0425000 -0.4900000 5.3199997
v 3.0425000 -0.4900000 6.8800001
v 3.0425000 0.4900000 5.3199997
v 3.0425000 0.4900000 6.8800001
v 3.0374999 -0.4200000 5.3899999
v 3.0374999 -0.4200000 6.8099999
v 3.0374999 0.4200000 5.3899999
v 3.0374999 0.4200000 6.8099999
v 3.0625000 -0.4200000 5.3899999
v 3.0625000 -0.4200000 6.8099999
v 3.0625000 0.4200000 5.3899999
v 3.0625000 0.4200000 6.8099999
v 2.9500000 -0.5550000 5.2125001
v 2.9500000 -0.5550000 5.2874999
v 2.9500000 0.5550000 5.2125001
v 2.9500000 0.5550000 5.2874999
v 3.1000001 -0.5550000 5.2125001
v 3.1000001 -0.5550000 5.2874999
v 3.1000001 0.5550000 5.2125001
v 3.1000001 0.5550000 5.2874999
v 3.0075002 3.4860001 5.3199997
v 3.0075002 3.4860001 6.8800001
v 3.0075002 4.4660001 5.3199997
v 3.0075002 4.4660001 6.8800001
v 3.0425000 3.4860001 5.3199997
v 3.0425000 3.4860001 6.8800001
v 3.0425000 4.4660001 5.3199997
v 3.0425000 4.4660001 6.8800001
v 3.0374999 3.5560000 5.3899999
v 3.0374999 3.5560000 6.8099999
v 3.0374999 4.3959999 5.3899999
v 3.0374999 4.3959999 6.8099999
v 3.0625000 3.5560000 5.3899999
v 3.0625000 3.5560000 6.8099999
v 3.0625000 4.3959999 5.3899999
v 3.0625000 4.3959999 6.8099999
v 2.9500000 3.4210000 5.2125001
v 2.9500000 3.4210000 5.2874999
v 2.9500000 4.5310001 5.2125001
v 2.9500000 4.5310001 5.2874999
v 3.1000001 3.4210000 5.2125001
v 3.1000001 3.4210000 5.2874999
v 3.1000001 4.5310001 5.2125001
v 3.1000001 4.5310001 5.2874999
v 3.0075002 -4.4660001 7.9200001
v 3.0075002 -4.4660001 9.4799995
v 3.0075002 -3.4860001 7.9200001
v 3.0075002 -3.4860001 9.4799995
v 3.0425000 -4.4660001 7.9200001
v 3.0425000 -4.4660001 9.4799995
v 3.0425000 -3.4860001 7.9200001
v 3.0425000 -3.4860001 9.4799995
v 3.0374999 -4.3959999 7.9899998
v 3.0374999 -4.3959999 9.4099998
v 3.0374999 -3.5560000 7.9899998
v 3.0374999 -3.5560000 9.4099998
v 3.0625000 -4.3959999 7.9899998
v 3.0625000 -4.3959999 9.4099998
v 3.0625000 -3.5560000 7.9899998
v 3.0625000 -3.5560000 9.4099998
v 2.9500000 -4.5310001 7.8125000
v 2.9500000 -4.5310001 7.8874998
v 2.9500000 -3.4210000 7.8125000
v 2.9500000 -3.4210000 7.8874998
v 3.1000001 -4.5310001 7.8125000
v 3.1000001 -4.5310001 7.8874998
v 3.1000001 -3.4210000 7.8125000
v 3.1000001 -3.4210000 7.8874998
v 3.0075002 -0.4900000 7.9200001
v 3.0075002 -0.4900000 9.4799995
v 3.0075002 0.4900000 7.9200001
v 3.0075002 0.4900000 9.4799995
v 3.0425000 -0.4900000 7.9200001
v 3.0425000 -0.4900000 9.4799995
v 3.0425000 0.4900000 7.9200001
v 3.0425000 0.4900000 9.4799995
v 3.0374999 -0.4200000 7.9899998
v 3.0374999 -0.4200000 9.4099998
v 3.0374999 0.4200000 7.9899998
v 3.0374999 0.4200000 9.4099998
v 3.0625000 -0.4200000 7.9899998
v 3.0625000 -0.4200000 9.4099998
v 3.0625000 0.4200000 7.9899998
v 3.0625000 0.4200000 9.4099998
v 2.9500000 -0.5550000 7.8125000
v 2.9500000 -0.5550000 7.8874998
v 2.9500000 0.5550000 7.8125000
v 2.9500000 0.5550000 7.8874998
v 3.1000001 -0.5550000 7.8125000
v 3.1000001 -0.5550000 7.8874998
v 3.1000001 0.5550000 7.8125000
v 3.1000001 0.5550000 7.8874998
v 3.0075002 3.4860001 7.9200001
v 3.0075002 3.4860001 9.4799995
v 3.0075002 4.4660001 7.9200001
v 3.0075002 4.4660001 9.4799995
v 3.0425000 3.4860001 7.9200001
v 3.0425000 3.4860001 9.4799995
v 3.0425000 4.4660001 7.9200001
v 3.0425000 4.4660001 9.4799995
v 3.0374999 3.5560000 7.9899998
v 3.0374999 3.5560000 9.4099998
v 3.0374999 4.3959999 7.9899998
v 3.0374999 4.3959999 9.4099998
v 3.0625000 3.5560000 7.9899998
v 3.0625000 3.5560000 9.4099998
v 3.0625000 4.3959999 7.9899998
v 3.0625000 4.3959999 9.4099998
v 2.9500000 3.4210000 7.8125000
v 2.9500000 3.4210000 7.8874998
v 2.9500000 4.5310001 7.8125000
v 2.9500000 4.5310001 7.8874998
v 3.1000001 3.4210000 7.8125000
v 3.1000001 3.4210000 7.8874998
v 3.1000001 4.5310001 7.8125000
v 3.1000001 4.5310001 7.8874998
v 0.2200000 2.1240001 12.0750008
v 0.2200000 2.1240001 13.1250000
v 0.2200000 4.1240001 12.0750008
v 0.2200000 4.1240001 13.1250000
v 2.4200001 2.1240001 12.0750008
v 2.4200001 2.1240001 13.1250000
v 2.4200001 4.1240001 12.0750008
v 2.4200001 4.1240001 13.1250000
v 0.1700001 2.0740001 13.1200008
v 0.1700001 2.0740001 13.2399998
v 0.1700001 4.1739998 13.1200008
v 0.1700001 4.1739998 13.2399998
v 2.4700000 2.0740001 13.1200008
v 2.4700000 2.0740001 13.2399998
v 2.4700000 4.1739998 13.1200008
v 2.4700000 4.1739998 13.2399998
vt 0.5078125 0.5078125
vt 0.5078125 0.9921875
vt 0.9921875 0.9921875
vt 0.9921875 0.5078125
vt 0.5078125 0.5078125
vt 0.5078125 0.9921875
vt 0.9921875 0.9921875
vt 0.9921875 0.5078125
vt 0.9921875 0.5078125
vt 0.9921875 0.9921875
vt 0.5078125 0.9921875
vt 0.5078125 0.5078125
vt 0.9921875 0.5078125
vt 0.9921875 0.9921875
vt 0.5078125 0.9921875
vt 0.5078125 0.5078125
vt 0.5078125 0.9921875
vt 0.9921875 0.9921875
vt 0.9921875 0.5078125
vt 0.5078125 0.5078125
vt 0.9921875 0.9921875
vt 0.5078125 0.9921875
vt 0.5078125 0.5078125
vt 0.9921875 0.5078125
vt 0.0078125 0.0078125
vt 0.0078125 0.4921875
vt 0.4921875 0.4921875
vt 0.4921875 0.0078125
vt 0.0078125 0.0078125
vt 0.0078125 0.4921875
vt 0.4921875 0.4921875
vt 0.4921875 0.0078125
vt 0.4921875 0.0078125
vt 0.4921875 0.4921875
vt 0.0078125 0.4921875
vt 0.0078125 0.0078125
vt 0.4921875 0.0078125
vt 0.4921875 0.4921875
vt 0.0078125 0.4921875
vt 0.0078125 0.0078125
vt 0.0078125 0.4921875
vt 0.4921875 0.4921875
vt 0.4921875 0.0078125
vt 0.0078125 0.0078125
vt 0.4921875 0.4921875
vt 0.0078125 0.4921875
vt 0.0078125 0.0078125
vt 0.4921875 0.0078125
vt 0.0078125 0.0078125
vt 0.0078125 0.4921875
vt 0.4921875 0.4921875
vt 0.4921875 0.0078125
vt 0.0078125 0.0078125
vt 0.0078125 0.4921875
vt 0.4921875 0.4921875
vt 0.4921875 0.0078125
vt 0.4921875 0.0078125
vt 0.4921875 0.4921875
vt 0.0078125 0.4921875
vt 0.0078125 0.0078125
vt 0.4921875 0.0078125
vt 0.4921875 0.4921875
vt 0.0078125 0.4921875
vt 0.0078125 0.0078125
vt 0.0078125 0.4921875
vt 0.4921875 0.4921875
vt 0.4921875 0.0078125
vt 0.0078125 0.0078125
vt 0.9921875 0.4921875
vt 0.5078125 0.4921875
vt 0.5078125 0.0078125
vt 0.9921875 0.0078125
vt 0.0078125 0.0078125
vt 0.0078125 0.4921875
vt 0.4921875 0.4921875
vt 0.4921875 0.0078125
vt 0.0078125 0.0078125
vt 0.0078125 0.4921875
vt 0.4921875 0.4921875
vt 0.4921875 0.0078125
vt 0.4921875 0.0078125
vt 0.4921875 0.4921875
vt 0.0078125 0.4921875
vt 0.0078125 0.0078125
vt 0.4921875 0.0078125
vt 0.4921875 0.4921875
vt 0.0078125 0.4921875
vt 0.0078125 0.0078125
vt 0.0078125 0.4921875
vt 0.4921875 0.4921875
vt 0.4921875 0.0078125
vt 0.0078125 0.0078125
vt 0.4921875 0.4921875
vt 0.0078125 0.4921875
vt 0.0078125 0.0078125
vt 0.4921875 0.0078125
vt 0.0078125 0.0078125
vt 0.0078125 0.4921875
vt 0.4921875 0.4921875
vt 0.4921875 0.0078125
vt 0.0078125 0.0078125
vt 0.0078125 0.4921875
vt 0.4921875 0.4921875
vt 0.4921875 0.0078125
vt 0.4921875 0.0078125
vt 0.4921875 0.4921875
vt 0.0078125 0.4921875
vt 0.0078125 0.0078125
vt 0.4921875 0.0078125
vt 0.4921875 0.4921875
vt 0.0078125 0.4921875
vt 0.0078125 0.0078125
vt 0.0078125 0.4921875
vt 0.4921875 0.4921875
vt 0.4921875 0.0078125
vt 0.0078125 0.0078125
vt 0.4921875 0.4921875
vt 0.0078125 0.4921875
vt 0.0078125 0.0078125
vt 0.4921875 0.0078125
vt 0.0078125 0.0078125
vt 0.0078125 0.4921875
vt 0.4921875 0.4921875
vt 0.4921875 0.0078125
vt 0.0078125 0.0078125
vt 0.0078125 0.4921875
vt 0.4921875 0.4921875
vt 0.4921875 0.0078125
vt 0.4921875 0.0078125
vt 0.4921875 0.4921875
vt 0.0078125 0.4921875
vt 0.0078125 0.0078125
vt 0.4921875 0.0078125
vt 0.4921875 0.4921875
vt 0.0078125 0.4921875
vt 0.0078125 0.0078125
vt 0.0078125 0.4921875
vt 0.4921875 0.4921875
vt 0.4921875 0.0078125
vt 0.0078125 0.0078125
vt 0.4921875 0.4921875
vt 0.0078125 0.4921875
vt 0.0078125 0.0078125
vt 0.4921875 0.0078125
vt 0.0078125 0.5078125
vt 0.0078125 0.9921875
vt 0.4921875 0.9921875
vt 0.4921875 0.5078125
vt 0.0078125 0.5078125
vt 0.0078125 0.9921875
vt 0.4921875 0.9921875
vt 0.4921875 0.5078125
vt 0.4921875 0.5078125
vt 0.4921875 0.9921875
vt 0.0078125 0.9921875
vt 0.0078125 0.5078125
vt 0.4921875 0.5078125
vt 0.4921875 0.9921875
vt 0.0078125 0.9921875
vt 0.0078125 0.5078125
vt 0.0078125 0.9921875
vt 0.4921875 0.9921875
vt 0.4921875 0.5078125
vt 0.0078125 0.5078125
vt 0.4921875 0.9921875
vt 0.0078125 0.9921875
vt 0.0078125 0.5078125
vt 0.4921875 0.5078125
vt 0.0078125 0.0078125
vt 0.0078125 0.4921875
vt 0.4921875 0.4921875
vt 0.4921875 0.0078125
vt 0.0078125 0.0078125
vt 0.0078125 0.4921875
vt 0.4921875 0.4921875
vt 0.4921875 0.0078125
vt 0.4921875 0.0078125
vt 0.4921875 0.4921875
vt 0.0078125 0.4921875
vt 0.0078125 0.0078125
vt 0.4921875 0.0078125
vt 0.4921875 0.4921875
vt 0.0078125 0.4921875
vt 0.0078125 0.0078125
vt 0.0078125 0.4921875
vt 0.4921875 0.4921875
vt 0.4921875 0.0078125
vt 0.0078125 0.0078125
vt 0.4921875 0.4921875
vt 0.0078125 0.4921875
vt 0.0078125 0.0078125
vt 0.4921875 0.0078125
vt 0.0078125 0.0078125
vt 0.0078125 0.4921875
vt 0.4921875 0.4921875
vt 0.4921875 0.0078125
vt 0.0078125 0.0078125
vt 0.0078125 0.4921875
vt 0.4921875 0.4921875
vt 0.4921875 0.0078125
vt 0.4921875 0.0078125
vt 0.4921875 0.4921875
vt 0.0078125 0.4921875
vt 0.0078125 0.0078125
vt 0.4921875 0.0078125
vt 0.4921875 0.4921875
vt 0.0078125 0.4921875
vt 0.0078125 0.0078125
vt 0.0078125 0.4921875
vt 0.4921875 0.4921875
vt 0.4921875 0.0078125
vt 0.0078125 0.0078125
vt 0.4921875 0.4921875
vt 0.0078125 0.4921875
vt 0.0078125 0.0078125
vt 0.4921875 0.0078125
vt 0.0078125 0.5078125
vt 0.0078125 0.9921875
vt 0.4921875 0.9921875
vt 0.4921875 0.5078125
vt 0.0078125 0.5078125
vt 0.0078125 0.9921875
vt 0.4921875 0.9921875
vt 0.4921875 0.5078125
vt 0.4921875 0.5078125
vt 0.4921875 0.9921875
vt 0.0078125 0.9921875
vt 0.0078125 0.5078125
vt 0.4921875 0.5078125
vt 0.4921875 0.9921875
vt 0.0078125 0.9921875
vt 0.0078125 0.5078125
vt 0.0078125 0.9921875
vt 0.4921875 0.9921875
vt 0.4921875 0.5078125
vt 0.0078125 0.5078125
vt 0.4921875 0.9921875
vt 0.0078125 0.9921875
vt 0.0078125 0.5078125
vt 0.4921875 0.5078125
vt 0.0078125 0.0078125
vt 0.0078125 0.4921875
vt 0.4921875 0.4921875
vt 0.4921875 0.0078125
vt 0.0078125 0.0078125
vt 0.0078125 0.4921875
vt 0.4921875 0.4921875
vt 0.4921875 0.0078125
vt 0.4921875 0.0078125
vt 0.4921875 0.4921875
vt 0.0078125 0.4921875
vt 0.0078125 0.0078125
vt 0.4921875 0.0078125
vt 0.4921875 0.4921875
vt 0.0078125 0.4921875
vt 0.0078125 0.0078125
vt 0.0078125 0.4921875
vt 0.4921875 0.4921875
vt 0.4921875 0.0078125
vt 0.0078125 0.0078125
vt 0.4921875 0.4921875
vt 0.0078125 0.4921875
vt 0.0078125 0.0078125
vt 0.4921875 0.0078125
vt 0.0078125 0.0078125
vt 0.0078125 0.4921875
vt 0.4921875 0.4921875
vt 0.4921875 0.0078125
vt 0.0078125 0.0078125
vt 0.0078125 0.4921875
vt 0.4921875 0.4921875
vt 0.4921875 0.0078125
vt 0.4921875 0.0078125
vt 0.4921875 0.4921875
vt 0.0078125 0.4921875
vt 0.0078125 0.0078125
vt 0.4921875 0.0078125
vt 0.4921875 0.4921875
vt 0.0078125 0.4921875
vt 0.0078125 0.0078125
vt 0.0078125 0.4921875
vt 0.4921875 0.4921875
vt 0.4921875 0.0078125
vt 0.0078125 0.0078125
vt 0.4921875 0.4921875
vt 0.0078125 0.4921875
vt 0.0078125 0.0078125
vt 0.4921875 0.0078125
vt 0.0078125 0.5078125
vt 0.0078125 0.9921875
vt 0.4921875 0.9921875
vt 0.4921875 0.5078125
vt 0.0078125 0.5078125
vt 0.0078125 0.9921875
vt 0.4921875 0.9921875
vt 0.4921875 0.5078125
vt 0.4921875 0.5078125
vt 0.4921875 0.9921875
vt 0.0078125 0.9921875
vt 0.0078125 0.5078125
vt 0.4921875 0.5078125
vt 0.4921875 0.9921875
vt 0.0078125 0.9921875
vt 0.0078125 0.5078125
vt 0.0078125 0.9921875
vt 0.4921875 0.9921875
vt 0.4921875 0.5078125
vt 0.0078125 0.5078125
vt 0.4921875 0.9921875
vt 0.0078125 0.9921875
vt 0.0078125 0.5078125
vt 0.4921875 0.5078125
vt 0.0078125 0.0078125
vt 0.0078125 0.4921875
vt 0.4921875 0.4921875
vt 0.4921875 0.0078125
vt 0.0078125 0.0078125
vt 0.0078125 0.4921875
vt 0.4921875 0.4921875
vt 0.4921875 0.0078125
vt 0.4921875 0.0078125
vt 0.4921875 0.4921875
vt 0.0078125 0.4921875
vt 0.0078125 0.0078125
vt 0.4921875 0.0078125
vt 0.4921875 0.4921875
vt 0.0078125 0.4921875
vt 0.0078125 0.0078125
vt 0.0078125 0.4921875
vt 0.4921875 0.4921875
vt 0.4921875 0.0078125
vt 0.0078125 0.0078125
vt 0.4921875 0.4921875
vt 0.0078125 0.4921875
vt 0.0078125 0.0078125
vt 0.4921875 0.0078125
vt 0.0078125 0.0078125
vt 0.0078125 0.4921875
vt 0.4921875 0.4921875
vt 0.4921875 0.0078125
vt 0.0078125 0.0078125
vt 0.0078125 0.4921875
vt 0.4921875 0.4921875
vt 0.4921875 0.0078125
vt 0.4921875 0.0078125
vt 0.4921875 0.4921875
vt 0.0078125 0.4921875
vt 0.0078125 0.0078125
vt 0.4921875 0.0078125
vt 0.4921875 0.4921875
vt 0.0078125 0.4921875
vt 0.0078125 0.0078125
vt 0.0078125 0.4921875
vt 0.4921875 0.4921875
vt 0.4921875 0.0078125
vt 0.0078125 0.0078125
vt 0.4921875 0.4921875
vt 0.0078125 0.4921875
vt 0.0078125 0.0078125
vt 0.4921875 0.0078125
vt 0.0078125 0.5078125
vt 0.0078125 0.9921875
vt 0.4921875 0.9921875
vt 0.4921875 0.5078125
vt 0.0078125 0.5078125
vt 0.0078125 0.9921875
vt 0.4921875 0.9921875
vt 0.4921875 0.5078125
vt 0.4921875 0.5078125
vt 0.4921875 0.9921875
vt 0.0078125 0.9921875
vt 0.0078125 0.5078125
vt 0.4921875 0.5078125
vt 0.4921875 0.9921875
vt 0.0078125 0.9921875
vt 0.0078125 0.5078125
vt 0.0078125 0.9921875
vt 0.4921875 0.9921875
vt 0.4921875 0.5078125
vt 0.0078125 0.5078125
vt 0.4921875 0.9921875
vt 0.0078125 0.9921875
vt 0.0078125 0.5078125
vt 0.4921875 0.5078125
vt 0.0078125 0.0078125
vt 0.0078125 0.4921875
vt 0.4921875 0.4921875
vt 0.4921875 0.0078125
vt 0.0078125 0.0078125
vt 0.0078125 0.4921875
vt 0.4921875 0.4921875
vt 0.4921875 0.0078125
vt 0.4921875 0.0078125
vt 0.4921875 0.4921875
vt 0.0078125 0.4921875
vt 0.0078125 0.0078125
vt 0.4921875 0.0078125
vt 0.4921875 0.4921875
vt 0.0078125 0.4921875
vt 0.0078125 0.0078125
vt 0.0078125 0.4921875
vt 0.4921875 0.4921875
vt 0.4921875 0.0078125
vt 0.0078125 0.0078125
vt 0.4921875 0.4921875
vt 0.0078125 0.4921875
vt 0.0078125 0.0078125
vt 0.4921875 0.0078125
vt 0.0078125 0.0078125
vt 0.0078125 0.4921875
vt 0.4921875 0.4921875
vt 0.4921875 0.0078125
vt 0.0078125 0.0078125
vt 0.0078125 0.4921875
vt 0.4921875 0.4921875
vt 0.4921875 0.0078125
vt 0.4921875 0.0078125
vt 0.4921875 0.4921875
vt 0.0078125 0.4921875
vt 0.0078125 0.0078125
vt 0.4921875 0.0078125
vt 0.4921875 0.4921875
vt 0.0078125 0.4921875
vt 0.0078125 0.0078125
vt 0.0078125 0.4921875
vt 0.4921875 0.4921875
vt 0.4921875 0.0078125
vt 0.0078125 0.0078125
vt 0.4921875 0.4921875
vt 0.0078125 0.4921875
vt 0.0078125 0.0078125
vt 0.4921875 0.0078125
vt 0.0078125 0.5078125
vt 0.0078125 0.9921875
vt 0.4921875 0.9921875
vt 0.4921875 0.5078125
vt 0.0078125 0.5078125
vt 0.0078125 0.9921875
vt 0.4921875 0.9921875
vt 0.4921875 0.5078125
vt 0.4921875 0.5078125
vt 0.4921875 0.9921875
vt 0.0078125 0.9921875
vt 0.0078125 0.5078125
vt 0.4921875 0.5078125
vt 0.4921875 0.9921875
vt 0.0078125 0.9921875
vt 0.0078125 0.5078125
vt 0.0078125 0.9921875
vt 0.4921875 0.9921875
vt 0.4921875 0.5078125
vt 0.0078125 0.5078125
vt 0.4921875 0.9921875
vt 0.0078125 0.9921875
vt 0.0078125 0.5078125
vt 0.4921875 0.5078125
vt 0.0078125 0.0078125
vt 0.0078125 0.4921875
vt 0.4921875 0.4921875
vt 0.4921875 0.0078125
vt 0.0078125 0.0078125
vt 0.0078125 0.4921875
vt 0.4921875 0.4921875
vt 0.4921875 0.0078125
vt 0.4921875 0.0078125
vt 0.4921875 0.4921875
vt 0.0078125 0.4921875
vt 0.0078125 0.0078125
vt 0.4921875 0.0078125
vt 0.4921875 0.4921875
vt 0.0078125 0.4921875
vt 0.0078125 0.0078125
vt 0.0078125 0.4921875
vt 0.4921875 0.4921875
vt 0.4921875 0.0078125
vt 0.0078125 0.0078125
vt 0.4921875 0.4921875
vt 0.0078125 0.4921875
vt 0.0078125 0.0078125
vt 0.4921875 0.0078125
vt 0.0078125 0.0078125
vt 0.0078125 0.4921875
vt 0.4921875 0.4921875
vt 0.4921875 0.0078125
vt 0.0078125 0.0078125
vt 0.0078125 0.4921875
vt 0.4921875 0.4921875
vt 0.4921875 0.0078125
vt 0.4921875 0.0078125
vt 0.4921875 0.4921875
vt 0.0078125 0.4921875
vt 0.0078125 0.0078125
vt 0.4921875 0.0078125
vt 0.4921875 0.4921875
vt 0.0078125 0.4921875
vt 0.0078125 0.0078125
vt 0.0078125 0.4921875
vt 0.4921875 0.4921875
vt 0.4921875 0.0078125
vt 0.0078125 0.0078125
vt 0.4921875 0.4921875
vt 0.0078125 0.4921875
vt 0.0078125 0.0078125
vt 0.4921875 0.0078125
vt 0.0078125 0.5078125
vt 0.0078125 0.9921875
vt 0.4921875 0.9921875
vt 0.4921875 0.5078125
vt 0.0078125 0.5078125
vt 0.0078125 0.9921875
vt 0.4921875 0.9921875
vt 0.4921875 0.5078125
vt 0.4921875 0.5078125
vt 0.4921875 0.9921875
vt 0.0078125 0.9921875
vt 0.0078125 0.5078125
vt 0.4921875 0.5078125
vt 0.4921875 0.9921875
vt 0.0078125 0.9921875
vt 0.0078125 0.5078125
vt 0.0078125 0.9921875
vt 0.4921875 0.9921875
vt 0.4921875 0.5078125
vt 0.0078125 0.5078125
vt 0.4921875 0.9921875
vt 0.0078125 0.9921875
vt 0.0078125 0.5078125
vt 0.4921875 0.5078125
vt 0.0078125 0.0078125
vt 0.0078125 0.4921875
vt 0.4921875 0.4921875
vt 0.4921875 0.0078125
vt 0.0078125 0.0078125
vt 0.0078125 0.4921875
vt 0.4921875 0.4921875
vt 0.4921875 0.0078125
vt 0.4921875 0.0078125
vt 0.4921875 0.4921875
vt 0.0078125 0.4921875
vt 0.0078125 0.0078125
vt 0.4921875 0.0078125
vt 0.4921875 0.4921875
vt 0.0078125 0.4921875
vt 0.0078125 0.0078125
vt 0.0078125 0.4921875
vt 0.4921875 0.4921875
vt 0.4921875 0.0078125
vt 0.0078125 0.0078125
vt 0.4921875 0.4921875
vt 0.0078125 0.4921875
vt 0.0078125 0.0078125
vt 0.4921875 0.0078125
vt 0.0078125 0.0078125
vt 0.0078125 0.4921875
vt 0.4921875 0.4921875
vt 0.4921875 0.0078125
vt 0.0078125 0.0078125
vt 0.0078125 0.4921875
vt 0.4921875 0.4921875
vt 0.4921875 0.0078125
vt 0.4921875 0.0078125
vt 0.4921875 0.4921875
vt 0.0078125 0.4921875
vt 0.0078125 0.0078125
vt 0.4921875 0.0078125
vt 0.4921875 0.4921875
vt 0.0078125 0.4921875
vt 0.0078125 0.0078125
vt 0.0078125 0.4921875
vt 0.4921875 0.4921875
vt 0.4921875 0.0078125
vt 0.0078125 0.0078125
vt 0.4921875 0.4921875
vt 0.0078125 0.4921875
vt 0.0078125 0.0078125
vt 0.4921875 0.0078125
vt 0.0078125 0.5078125
vt 0.0078125 0.9921875
vt 0.4921875 0.9921875
vt 0.4921875 0.5078125
vt 0.0078125 0.5078125
vt 0.0078125 0.9921875
vt 0.4921875 0.9921875
vt 0.4921875 0.5078125
vt 0.4921875 0.5078125
vt 0.4921875 0.9921875
vt 0.0078125 0.9921875
vt 0.0078125 0.5078125
vt 0.4921875 0.5078125
vt 0.4921875 0.9921875
vt 0.0078125 0.9921875
vt 0.0078125 0.5078125
vt 0.0078125 0.9921875
vt 0.4921875 0.9921875
vt 0.4921875 0.5078125
vt 0.0078125 0.5078125
vt 0.4921875 0.9921875
vt 0.0078125 0.9921875
vt 0.0078125 0.5078125
vt 0.4921875 0.5078125
vt 0.0078125 0.0078125
vt 0.0078125 0.4921875
vt 0.4921875 0.4921875
vt 0.4921875 0.0078125
vt 0.0078125 0.0078125
vt 0.0078125 0.4921875
vt 0.4921875 0.4921875
vt 0.4921875 0.0078125
vt 0.4921875 0.0078125
vt 0.4921875 0.4921875
vt 0.0078125 0.4921875
vt 0.0078125 0.0078125
vt 0.4921875 0.0078125
vt 0.4921875 0.4921875
vt 0.0078125 0.4921875
vt 0.0078125 0.0078125
vt 0.0078125 0.4921875
vt 0.4921875 0.4921875
vt 0.4921875 0.0078125
vt 0.0078125 0.0078125
vt 0.4921875 0.4921875
vt 0.0078125 0.4921875
vt 0.0078125 0.0078125
vt 0.4921875 0.0078125
vt 0.0078125 0.0078125
vt 0.0078125 0.4921875
vt 0.4921875 0.4921875
vt 0.4921875 0.0078125
vt 0.0078125 0.0078125
vt 0.0078125 0.4921875
vt 0.4921875 0.4921875
vt 0.4921875 0.0078125
vt 0.4921875 0.0078125
vt 0.4921875 0.4921875
vt 0.0078125 0.4921875
vt 0.0078125 0.0078125
vt 0.4921875 0.0078125
vt 0.4921875 0.4921875
vt 0.0078125 0.4921875
vt 0.0078125 0.0078125
vt 0.0078125 0.4921875
vt 0.4921875 0.4921875
vt 0.4921875 0.0078125
vt 0.0078125 0.0078125
vt 0.4921875 0.4921875
vt 0.0078125 0.4921875
vt 0.0078125 0.0078125
vt 0.4921875 0.0078125
vt 0.0078125 0.5078125
vt 0.0078125 0.9921875
vt 0.4921875 0.9921875
vt 0.4921875 0.5078125
vt 0.0078125 0.5078125
vt 0.0078125 0.9921875
vt 0.4921875 0.9921875
vt 0.4921875 0.5078125
vt 0.4921875 0.5078125
vt 0.4921875 0.9921875
vt 0.0078125 0.9921875
vt 0.0078125 0.5078125
vt 0.4921875 0.5078125
vt 0.4921875 0.9921875
vt 0.0078125 0.9921875
vt 0.0078125 0.5078125
vt 0.0078125 0.9921875
vt 0.4921875 0.9921875
vt 0.4921875 0.5078125
vt 0.0078125 0.5078125
vt 0.4921875 0.9921875
vt 0.0078125 0.9921875
vt 0.0078125 0.5078125
vt 0.4921875 0.5078125
vt 0.0078125 0.0078125
vt 0.0078125 0.4921875
vt 0.4921875 0.4921875
vt 0.4921875 0.0078125
vt 0.0078125 0.0078125
vt 0.0078125 0.4921875
vt 0.4921875 0.4921875
vt 0.4921875 0.0078125
vt 0.4921875 0.0078125
vt 0.4921875 0.4921875
vt 0.0078125 0.4921875
vt 0.0078125 0.0078125
vt 0.4921875 0.0078125
vt 0.4921875 0.4921875
vt 0.0078125 0.4921875
vt 0.0078125 0.0078125
vt 0.0078125 0.4921875
vt 0.4921875 0.4921875
vt 0.4921875 0.0078125
vt 0.0078125 0.0078125
vt 0.4921875 0.4921875
vt 0.0078125 0.4921875
vt 0.0078125 0.0078125
vt 0.4921875 0.0078125
vt 0.0078125 0.0078125
vt 0.0078125 0.4921875
vt 0.4921875 0.4921875
vt 0.4921875 0.0078125
vt 0.0078125 0.0078125
vt 0.0078125 0.4921875
vt 0.4921875 0.4921875
vt 0.4921875 0.0078125
vt 0.4921875 0.0078125
vt 0.4921875 0.4921875
vt 0.0078125 0.4921875
vt 0.0078125 0.0078125
vt 0.4921875 0.0078125
vt 0.4921875 0.4921875
vt 0.0078125 0.4921875
vt 0.0078125 0.0078125
vt 0.0078125 0.4921875
vt 0.4921875 0.4921875
vt 0.4921875 0.0078125
vt 0.0078125 0.0078125
vt 0.4921875 0.4921875
vt 0.0078125 0.4921875
vt 0.0078125 0.0078125
vt 0.4921875 0.0078125
vt 0.0078125 0.5078125
vt 0.0078125 0.9921875
vt 0.4921875 0.9921875
vt 0.4921875 0.5078125
vt 0.0078125 0.5078125
vt 0.0078125 0.9921875
vt 0.4921875 0.9921875
vt 0.4921875 0.5078125
vt 0.4921875 0.5078125
vt 0.4921875 0.9921875
vt 0.0078125 0.9921875
vt 0.0078125 0.5078125
vt 0.4921875 0.5078125
vt 0.4921875 0.9921875
vt 0.0078125 0.9921875
vt 0.0078125 0.5078125
vt 0.0078125 0.9921875
vt 0.4921875 0.9921875
vt 0.4921875 0.5078125
vt 0.0078125 0.5078125
vt 0.4921875 0.9921875
vt 0.0078125 0.9921875
vt 0.0078125 0.5078125
vt 0.4921875 0.5078125
vt 0.0078125 0.0078125
vt 0.0078125 0.4921875
vt 0.4921875 0.4921875
vt 0.4921875 0.0078125
vt 0.0078125 0.0078125
vt 0.0078125 0.4921875
vt 0.4921875 0.4921875
vt 0.4921875 0.0078125
vt 0.4921875 0.0078125
vt 0.4921875 0.4921875
vt 0.0078125 0.4921875
vt 0.0078125 0.0078125
vt 0.4921875 0.0078125
vt 0.4921875 0.4921875
vt 0.0078125 0.4921875
vt 0.0078125 0.0078125
vt 0.0078125 0.4921875
vt 0.4921875 0.4921875
vt 0.4921875 0.0078125
vt 0.0078125 0.0078125
vt 0.4921875 0.4921875
vt 0.0078125 0.4921875
vt 0.0078125 0.0078125
vt 0.4921875 0.0078125
vt 0.0078125 0.0078125
vt 0.0078125 0.4921875
vt 0.4921875 0.4921875
vt 0.4921875 0.0078125
vt 0.0078125 0.0078125
vt 0.0078125 0.4921875
vt 0.4921875 0.4921875
vt 0.4921875 0.0078125
vt 0.4921875 0.0078125
vt 0.4921875 0.4921875
vt 0.0078125 0.4921875
vt 0.0078125 0.0078125
vt 0.4921875 0.0078125
vt 0.4921875 0.4921875
vt 0.0078125 0.4921875
vt 0.0078125 0.0078125
vt 0.0078125 0.4921875
vt 0.4921875 0.4921875
vt 0.4921875 0.0078125
vt 0.0078125 0.0078125
vt 0.4921875 0.4921875
vt 0.0078125 0.4921875
vt 0.0078125 0.0078125
vt 0.4921875 0.0078125
vt 0.0078125 0.5078125
vt 0.0078125 0.9921875
vt 0.4921875 0.9921875
vt 0.4921875 0.5078125
vt 0.0078125 0.5078125
vt 0.0078125 0.9921875
vt 0.4921875 0.9921875
vt 0.4921875 0.5078125
vt 0.4921875 0.5078125
vt 0.4921875 0.9921875
vt 0.0078125 0.9921875
vt 0.0078125 0.5078125
vt 0.4921875 0.5078125
vt 0.4921875 0.9921875
vt 0.0078125 0.9921875
vt 0.0078125 0.5078125
vt 0.0078125 0.9921875
vt 0.4921875 0.9921875
vt 0.4921875 0.5078125
vt 0.0078125 0.5078125
vt 0.4921875 0.9921875
vt 0.0078125 0.9921875
vt 0.0078125 0.5078125
vt 0.4921875 0.5078125
vt 0.0078125 0.0078125
vt 0.0078125 0.4921875
vt 0.4921875 0.4921875
vt 0.4921875 0.0078125
vt 0.0078125 0.0078125
vt 0.0078125 0.4921875
vt 0.4921875 0.4921875
vt 0.4921875 0.0078125
vt 0.4921875 0.0078125
vt 0.4921875 0.4921875
vt 0.0078125 0.4921875
vt 0.0078125 0.0078125
vt 0.4921875 0.0078125
vt 0.4921875 0.4921875
vt 0.0078125 0.4921875
vt 0.0078125 0.0078125
vt 0.0078125 0.4921875
vt 0.4921875 0.4921875
vt 0.4921875 0.0078125
vt 0.0078125 0.0078125
vt 0.4921875 0.4921875
vt 0.0078125 0.4921875
vt 0.0078125 0.0078125
vt 0.4921875 0.0078125
vt 0.0078125 0.0078125
vt 0.0078125 0.4921875
vt 0.4921875 0.4921875
vt 0.4921875 0.0078125
vt 0.0078125 0.0078125
vt 0.0078125 0.4921875
vt 0.4921875 0.4921875
vt 0.4921875 0.0078125
vt 0.4921875 0.0078125
vt 0.4921875 0.4921875
vt 0.0078125 0.4921875
vt 0.0078125 0.0078125
vt 0.4921875 0.0078125
vt 0.4921875 0.4921875
vt 0.0078125 0.4921875
vt 0.0078125 0.0078125
vt 0.0078125 0.4921875
vt 0.4921875 0.4921875
vt 0.4921875 0.0078125
vt 0.0078125 0.0078125
vt 0.4921875 0.4921875
vt 0.0078125 0.4921875
vt 0.0078125 0.0078125
vt 0.4921875 0.0078125
vt 0.0078125 0.5078125
vt 0.0078125 0.9921875
vt 0.4921875 0.9921875
vt 0.4921875 0.5078125
vt 0.0078125 0.5078125
vt 0.0078125 0.9921875
vt 0.4921875 0.9921875
vt 0.4921875 0.5078125
vt 0.4921875 0.5078125
vt 0.4921875 0.9921875
vt 0.0078125 0.9921875
vt 0.0078125 0.5078125
vt 0.4921875 0.5078125
vt 0.4921875 0.9921875
vt 0.0078125 0.9921875
vt 0.0078125 0.5078125
vt 0.0078125 0.9921875
vt 0.4921875 0.9921875
vt 0.4921875 0.5078125
vt 0.0078125 0.5078125
vt 0.4921875 0.9921875
vt 0.0078125 0.9921875
vt 0.0078125 0.5078125
vt 0.4921875 0.5078125
vt 0.0078125 0.0078125
vt 0.0078125 0.4921875
vt 0.4921875 0.4921875
vt 0.4921875 0.0078125
vt 0.0078125 0.0078125
vt 0.0078125 0.4921875
vt 0.4921875 0.4921875
vt 0.4921875 0.0078125
vt 0.4921875 0.0078125
vt 0.4921875 0.4921875
vt 0.0078125 0.4921875
vt 0.0078125 0.0078125
vt 0.4921875 0.0078125
vt 0.4921875 0.4921875
vt 0.0078125 0.4921875
vt 0.0078125 0.0078125
vt 0.0078125 0.4921875
vt 0.4921875 0.4921875
vt 0.4921875 0.0078125
vt 0.0078125 0.0078125
vt 0.4921875 0.4921875
vt 0.0078125 0.4921875
vt 0.0078125 0.0078125
vt 0.4921875 0.0078125
vt 0.0078125 0.0078125
vt 0.0078125 0.4921875
vt 0.4921875 0.4921875
vt 0.4921875 0.0078125
vt 0.0078125 0.0078125
vt 0.0078125 0.4921875
vt 0.4921875 0.4921875
vt 0.4921875 0.0078125
vt 0.4921875 0.0078125
vt 0.4921875 0.4921875
vt 0.0078125 0.4921875
vt 0.0078125 0.0078125
vt 0.4921875 0.0078125
vt 0.4921875 0.4921875
vt 0.0078125 0.4921875
vt 0.0078125 0.0078125
vt 0.0078125 0.4921875
vt 0.4921875 0.4921875
vt 0.4921875 0.0078125
vt 0.0078125 0.0078125
vt 0.4921875 0.4921875
vt 0.0078125 0.4921875
vt 0.0078125 0.0078125
vt 0.4921875 0.0078125
vt 0.0078125 0.5078125
vt 0.0078125 0.9921875
vt 0.4921875 0.9921875
vt 0.4921875 0.5078125
vt 0.0078125 0.5078125
vt 0.0078125 0.9921875
vt 0.4921875 0.9921875
vt 0.4921875 0.5078125
vt 0.4921875 0.5078125
vt 0.4921875 0.9921875
vt 0.0078125 0.9921875
vt 0.0078125 0.5078125
vt 0.4921875 0.5078125
vt 0.4921875 0.9921875
vt 0.0078125 0.9921875
vt 0.0078125 0.5078125
vt 0.0078125 0.9921875
vt 0.4921875 0.9921875
vt 0.4921875 0.5078125
vt 0.0078125 0.5078125
vt 0.4921875 0.9921875
vt 0.0078125 0.9921875
vt 0.0078125 0.5078125
vt 0.4921875 0.5078125
vt 0.0078125 0.0078125
vt 0.0078125 0.4921875
vt 0.4921875 0.4921875
vt 0.4921875 0.0078125
vt 0.0078125 0.0078125
vt 0.0078125 0.4921875
vt 0.4921875 0.4921875
vt 0.4921875 0.0078125
vt 0.4921875 0.0078125
vt 0.4921875 0.4921875
vt 0.0078125 0.4921875
vt 0.0078125 0.0078125
vt 0.4921875 0.0078125
vt 0.4921875 0.4921875
vt 0.0078125 0.4921875
vt 0.0078125 0.0078125
vt 0.0078125 0.4921875
vt 0.4921875 0.4921875
vt 0.4921875 0.0078125
vt 0.0078125 0.0078125
vt 0.4921875 0.4921875
vt 0.0078125 0.4921875
vt 0.0078125 0.0078125
vt 0.4921875 0.0078125
vt 0.0078125 0.0078125
vt 0.0078125 0.4921875
vt 0.4921875 0.4921875
vt 0.4921875 0.0078125
vt 0.0078125 0.0078125
vt 0.0078125 0.4921875
vt 0.4921875 0.4921875
vt 0.4921875 0.0078125
vt 0.4921875 0.0078125
vt 0.4921875 0.4921875
vt 0.0078125 0.4921875
vt 0.0078125 0.0078125
vt 0.4921875 0.0078125
vt 0.4921875 0.4921875
vt 0.0078125 0.4921875
vt 0.0078125 0.0078125
vt 0.0078125 0.4921875
vt 0.4921875 0.4921875
vt 0.4921875 0.0078125
vt 0.0078125 0.0078125
vt 0.4921875 0.4921875
vt 0.0078125 0.4921875
vt 0.0078125 0.0078125
vt 0.4921875 0.0078125
vt 0.0078125 0.5078125
vt 0.0078125 0.9921875
vt 0.4921875 0.9921875
vt 0.4921875 0.5078125
vt 0.0078125 0.5078125
vt 0.0078125 0.9921875
vt 0.4921875 0.9921875
vt 0.4921875 0.5078125
vt 0.4921875 0.5078125
vt 0.4921875 0.9921875
vt 0.0078125 0.9921875
vt 0.0078125 0.5078125
vt 0.4921875 0.5078125
vt 0.4921875 0.9921875
vt 0.0078125 0.9921875
vt 0.0078125 0.5078125
vt 0.0078125 0.9921875
vt 0.4921875 0.9921875
vt 0.4921875 0.5078125
vt 0.0078125 0.5078125
vt 0.4921875 0.9921875
vt 0.0078125 0.9921875
vt 0.0078125 0.5078125
vt 0.4921875 0.5078125
vt 0.0078125 0.0078125
vt 0.0078125 0.4921875
vt 0.4921875 0.4921875
vt 0.4921875 0.0078125
vt 0.0078125 0.0078125
vt 0.0078125 0.4921875
vt 0.4921875 0.4921875
vt 0.4921875 0.0078125
vt 0.4921875 0.0078125
vt 0.4921875 0.4921875
vt 0.0078125 0.4921875
vt 0.0078125 0.0078125
vt 0.4921875 0.0078125
vt 0.4921875 0.4921875
vt 0.0078125 0.4921875
vt 0.0078125 0.0078125
vt 0.0078125 0.4921875
vt 0.4921875 0.4921875
vt 0.4921875 0.0078125
vt 0.0078125 0.0078125
vt 0.4921875 0.4921875
vt 0.0078125 0.4921875
vt 0.0078125 0.0078125
vt 0.4921875 0.0078125
vt 0.0078125 0.0078125
vt 0.0078125 0.4921875
vt 0.4921875 0.4921875
vt 0.4921875 0.0078125
vt 0.0078125 0.0078125
vt 0.0078125 0.4921875
vt 0.4921875 0.4921875
vt 0.4921875 0.0078125
vt 0.4921875 0.0078125
vt 0.4921875 0.4921875
vt 0.0078125 0.4921875
vt 0.0078125 0.0078125
vt 0.4921875 0.0078125
vt 0.4921875 0.4921875
vt 0.0078125 0.4921875
vt 0.0078125 0.0078125
vt 0.0078125 0.4921875
vt 0.4921875 0.4921875
vt 0.4921875 0.0078125
vt 0.0078125 0.0078125
vt 0.4921875 0.4921875
vt 0.0078125 0.4921875
vt 0.0078125 0.0078125
vt 0.4921875 0.0078125
vt 0.0078125 0.5078125
vt 0.0078125 0.9921875
vt 0.4921875 0.9921875
vt 0.4921875 0.5078125
vt 0.0078125 0.5078125
vt 0.0078125 0.9921875
vt 0.4921875 0.9921875
vt 0.4921875 0.5078125
vt 0.4921875 0.5078125
vt 0.4921875 0.9921875
vt 0.0078125 0.9921875
vt 0.0078125 0.5078125
vt 0.4921875 0.5078125
vt 0.4921875 0.9921875
vt 0.0078125 0.9921875
vt 0.0078125 0.5078125
vt 0.0078125 0.9921875
vt 0.4921875 0.9921875
vt 0.4921875 0.5078125
vt 0.0078125 0.5078125
vt 0.4921875 0.9921875
vt 0.0078125 0.9921875
vt 0.0078125 0.5078125
vt 0.4921875 0.5078125
vt 0.0078125 0.0078125
vt 0.0078125 0.4921875
vt 0.4921875 0.4921875
vt 0.4921875 0.0078125
vt 0.0078125 0.0078125
vt 0.0078125 0.4921875
vt 0.4921875 0.4921875
vt 0.4921875 0.0078125
vt 0.4921875 0.0078125
vt 0.4921875 0.4921875
vt 0.0078125 0.4921875
vt 0.0078125 0.0078125
vt 0.4921875 0.0078125
vt 0.4921875 0.4921875
vt 0.0078125 0.4921875
vt 0.0078125 0.0078125
vt 0.0078125 0.4921875
vt 0.4921875 0.4921875
vt 0.4921875 0.0078125
vt 0.0078125 0.0078125
vt 0.4921875 0.4921875
vt 0.0078125 0.4921875
vt 0.0078125 0.0078125
vt 0.4921875 0.0078125
vt 0.0078125 0.0078125
vt 0.0078125 0.4921875
vt 0.4921875 0.4921875
vt 0.4921875 0.0078125
vt 0.0078125 0.0078125
vt 0.0078125 0.4921875
vt 0.4921875 0.4921875
vt 0.4921875 0.0078125
vt 0.4921875 0.0078125
vt 0.4921875 0.4921875
vt 0.0078125 0.4921875
vt 0.0078125 0.0078125
vt 0.4921875 0.0078125
vt 0.4921875 0.4921875
vt 0.0078125 0.4921875
vt 0.0078125 0.0078125
vt 0.0078125 0.4921875
vt 0.4921875 0.4921875
vt 0.4921875 0.0078125
vt 0.0078125 0.0078125
vt 0.4921875 0.4921875
vt 0.0078125 0.4921875
vt 0.0078125 0.0078125
vt 0.4921875 0.0078125
vt 0.0078125 0.5078125
vt 0.0078125 0.9921875
vt 0.4921875 0.9921875
vt 0.4921875 0.5078125
vt 0.0078125 0.5078125
vt 0.0078125 0.9921875
vt 0.4921875 0.9921875
vt 0.4921875 0.5078125
vt 0.4921875 0.5078125
vt 0.4921875 0.9921875
vt 0.0078125 0.9921875
vt 0.0078125 0.5078125
vt 0.4921875 0.5078125
vt 0.4921875 0.9921875
vt 0.0078125 0.9921875
vt 0.0078125 0.5078125
vt 0.0078125 0.9921875
vt 0.4921875 0.9921875
vt 0.4921875 0.5078125
vt 0.0078125 0.5078125
vt 0.4921875 0.9921875
vt 0.0078125 0.9921875
vt 0.0078125 0.5078125
vt 0.4921875 0.5078125
vt 0.0078125 0.0078125
vt 0.0078125 0.4921875
vt 0.4921875 0.4921875
vt 0.4921875 0.0078125
vt 0.0078125 0.0078125
vt 0.0078125 0.4921875
vt 0.4921875 0.4921875
vt 0.4921875 0.0078125
vt 0.4921875 0.0078125
vt 0.4921875 0.4921875
vt 0.0078125 0.4921875
vt 0.0078125 0.0078125
vt 0.4921875 0.0078125
vt 0.4921875 0.4921875
vt 0.0078125 0.4921875
vt 0.0078125 0.0078125
vt 0.0078125 0.4921875
vt 0.4921875 0.4921875
vt 0.4921875 0.0078125
vt 0.0078125 0.0078125
vt 0.4921875 0.4921875
vt 0.0078125 0.4921875
vt 0.0078125 0.0078125
vt 0.4921875 0.0078125
vt 0.0078125 0.0078125
vt 0.0078125 0.4921875
vt 0.4921875 0.4921875
vt 0.4921875 0.0078125
vt 0.0078125 0.0078125
vt 0.0078125 0.4921875
vt 0.4921875 0.4921875
vt 0.4921875 0.0078125
vt 0.4921875 0.0078125
vt 0.4921875 0.4921875
vt 0.0078125 0.4921875
vt 0.0078125 0.0078125
vt 0.4921875 0.0078125
vt 0.4921875 0.4921875
vt 0.0078125 0.4921875
vt 0.0078125 0.0078125
vt 0.0078125 0.4921875
vt 0.4921875 0.4921875
vt 0.4921875 0.0078125
vt 0.0078125 0.0078125
vt 0.4921875 0.4921875
vt 0.0078125 0.4921875
vt 0.0078125 0.0078125
vt 0.4921875 0.0078125
vt 0.0078125 0.5078125
vt 0.0078125 0.9921875
vt 0.4921875 0.9921875
vt 0.4921875 0.5078125
vt 0.0078125 0.5078125
vt 0.0078125 0.9921875
vt 0.4921875 0.9921875
vt 0.4921875 0.5078125
vt 0.4921875 0.5078125
vt 0.4921875 0.9921875
vt 0.0078125 0.9921875
vt 0.0078125 0.5078125
vt 0.4921875 0.5078125
vt 0.4921875 0.9921875
vt 0.0078125 0.9921875
vt 0.0078125 0.5078125
vt 0.0078125 0.9921875
vt 0.4921875 0.9921875
vt 0.4921875 0.5078125
vt 0.0078125 0.5078125
vt 0.4921875 0.9921875
vt 0.0078125 0.9921875
vt 0.0078125 0.5078125
vt 0.4921875 0.5078125
vt 0.0078125 0.0078125
vt 0.0078125 0.4921875
vt 0.4921875 0.4921875
vt 0.4921875 0.0078125
vt 0.0078125 0.0078125
vt 0.0078125 0.4921875
vt 0.4921875 0.4921875
vt 0.4921875 0.0078125
vt 0.4921875 0.0078125
vt 0.4921875 0.4921875
vt 0.0078125 0.4921875
vt 0.0078125 0.0078125
vt 0.4921875 0.0078125
vt 0.4921875 0.4921875
vt 0.0078125 0.4921875
vt 0.0078125 0.0078125
vt 0.0078125 0.4921875
vt 0.4921875 0.4921875
vt 0.4921875 0.0078125
vt 0.0078125 0.0078125
vt 0.4921875 0.4921875
vt 0.0078125 0.4921875
vt 0.0078125 0.0078125
vt 0.4921875 0.0078125
vt 0.0078125 0.0078125
vt 0.0078125 0.4921875
vt 0.4921875 0.4921875
vt 0.4921875 0.0078125
vt 0.0078125 0.0078125
vt 0.0078125 0.4921875
vt 0.4921875 0.4921875
vt 0.4921875 0.0078125
vt 0.4921875 0.0078125
vt 0.4921875 0.4921875
vt 0.0078125 0.4921875
vt 0.0078125 0.0078125
vt 0.4921875 0.0078125
vt 0.4921875 0.4921875
vt 0.0078125 0.4921875
vt 0.0078125 0.0078125
vt 0.0078125 0.4921875
vt 0.4921875 0.4921875
vt 0.4921875 0.0078125
vt 0.0078125 0.0078125
vt 0.4921875 0.4921875
vt 0.0078125 0.4921875
vt 0.0078125 0.0078125
vt 0.4921875 0.0078125
vt 0.0078125 0.5078125
vt 0.0078125 0.9921875
vt 0.4921875 0.9921875
vt 0.4921875 0.5078125
vt 0.0078125 0.5078125
vt 0.0078125 0.9921875
vt 0.4921875 0.9921875
vt 0.4921875 0.5078125
vt 0.4921875 0.5078125
vt 0.4921875 0.9921875
vt 0.0078125 0.9921875
vt 0.0078125 0.5078125
vt 0.4921875 0.5078125
vt 0.4921875 0.9921875
vt 0.0078125 0.9921875
vt 0.0078125 0.5078125
vt 0.0078125 0.9921875
vt 0.4921875 0.9921875
vt 0.4921875 0.5078125
vt 0.0078125 0.5078125
vt 0.4921875 0.9921875
vt 0.0078125 0.9921875
vt 0.0078125 0.5078125
vt 0.4921875 0.5078125
vt 0.0078125 0.0078125
vt 0.0078125 0.4921875
vt 0.4921875 0.4921875
vt 0.4921875 0.0078125
vt 0.0078125 0.0078125
vt 0.0078125 0.4921875
vt 0.4921875 0.4921875
vt 0.4921875 0.0078125
vt 0.4921875 0.0078125
vt 0.4921875 0.4921875
vt 0.0078125 0.4921875
vt 0.0078125 0.0078125
vt 0.4921875 0.0078125
vt 0.4921875 0.4921875
vt 0.0078125 0.4921875
vt 0.0078125 0.0078125
vt 0.0078125 0.4921875
vt 0.4921875 0.4921875
vt 0.4921875 0.0078125
vt 0.0078125 0.0078125
vt 0.4921875 0.4921875
vt 0.0078125 0.4921875
vt 0.0078125 0.0078125
vt 0.4921875 0.0078125
vt 0.0078125 0.0078125
vt 0.0078125 0.4921875
vt 0.4921875 0.4921875
vt 0.4921875 0.0078125
vt 0.0078125 0.0078125
vt 0.0078125 0.4921875
vt 0.4921875 0.4921875
vt 0.4921875 0.0078125
vt 0.4921875 0.0078125
vt 0.4921875 0.4921875
vt 0.0078125 0.4921875
vt 0.0078125 0.0078125
vt 0.4921875 0.0078125
vt 0.4921875 0.4921875
vt 0.0078125 0.4921875
vt 0.0078125 0.0078125
vt 0.0078125 0.4921875
vt 0.4921875 0.4921875
vt 0.4921875 0.0078125
vt 0.0078125 0.0078125
vt 0.4921875 0.4921875
vt 0.0078125 0.4921875
vt 0.0078125 0.0078125
vt 0.4921875 0.0078125
vt 0.0078125 0.5078125
vt 0.0078125 0.9921875
vt 0.4921875 0.9921875
vt 0.4921875 0.5078125
vt 0.0078125 0.5078125
vt 0.0078125 0.9921875
vt 0.4921875 0.9921875
vt 0.4921875 0.5078125
vt 0.4921875 0.5078125
vt 0.4921875 0.9921875
vt 0.0078125 0.9921875
vt 0.0078125 0.5078125
vt 0.4921875 0.5078125
vt 0.4921875 0.9921875
vt 0.0078125 0.9921875
vt 0.0078125 0.5078125
vt 0.0078125 0.9921875
vt 0.4921875 0.9921875
vt 0.4921875 0.5078125
vt 0.0078125 0.5078125
vt 0.4921875 0.9921875
vt 0.0078125 0.9921875
vt 0.0078125 0.5078125
vt 0.4921875 0.5078125
vt 0.0078125 0.0078125
vt 0.0078125 0.4921875
vt 0.4921875 0.4921875
vt 0.4921875 0.0078125
vt 0.0078125 0.0078125
vt 0.0078125 0.4921875
vt 0.4921875 0.4921875
vt 0.4921875 0.0078125
vt 0.4921875 0.0078125
vt 0.4921875 0.4921875
vt 0.0078125 0.4921875
vt 0.0078125 0.0078125
vt 0.4921875 0.0078125
vt 0.4921875 0.4921875
vt 0.0078125 0.4921875
vt 0.0078125 0.0078125
vt 0.0078125 0.4921875
vt 0.4921875 0.4921875
vt 0.4921875 0.0078125
vt 0.0078125 0.0078125
vt 0.4921875 0.4921875
vt 0.0078125 0.4921875
vt 0.0078125 0.0078125
vt 0.4921875 0.0078125
vt 0.0078125 0.0078125
vt 0.0078125 0.4921875
vt 0.4921875 0.4921875
vt 0.4921875 0.0078125
vt 0.0078125 0.0078125
vt 0.0078125 0.4921875
vt 0.4921875 0.4921875
vt 0.4921875 0.0078125
vt 0.4921875 0.0078125
vt 0.4921875 0.4921875
vt 0.0078125 0.4921875
vt 0.0078125 0.0078125
vt 0.4921875 0.0078125
vt 0.4921875 0.4921875
vt 0.0078125 0.4921875
vt 0.0078125 0.0078125
vt 0.0078125 0.4921875
vt 0.4921875 0.4921875
vt 0.4921875 0.0078125
vt 0.0078125 0.0078125
vt 0.4921875 0.4921875
vt 0.0078125 0.4921875
vt 0.0078125 0.0078125
vt 0.4921875 0.0078125
vt 0.0078125 0.5078125
vt 0.0078125 0.9921875
vt 0.4921875 0.9921875
vt 0.4921875 0.5078125
vt 0.0078125 0.5078125
vt 0.0078125 0.9921875
vt 0.4921875 0.9921875
vt 0.4921875 0.5078125
vt 0.4921875 0.5078125
vt 0.4921875 0.9921875
vt 0.0078125 0.9921875
vt 0.0078125 0.5078125
vt 0.4921875 0.5078125
vt 0.4921875 0.9921875
vt 0.0078125 0.9921875
vt 0.0078125 0.5078125
vt 0.0078125 0.9921875
vt 0.4921875 0.9921875
vt 0.4921875 0.5078125
vt 0.0078125 0.5078125
vt 0.4921875 0.9921875
vt 0.0078125 0.9921875
vt 0.0078125 0.5078125
vt 0.4921875 0.5078125
vt 0.0078125 0.0078125
vt 0.0078125 0.4921875
vt 0.4921875 0.4921875
vt 0.4921875 0.0078125
vt 0.0078125 0.0078125
vt 0.0078125 0.4921875
vt 0.4921875 0.4921875
vt 0.4921875 0.0078125
vt 0.4921875 0.0078125
vt 0.4921875 0.4921875
vt 0.0078125 0.4921875
vt 0.0078125 0.0078125
vt 0.4921875 0.0078125
vt 0.4921875 0.4921875
vt 0.0078125 0.4921875
vt 0.0078125 0.0078125
vt 0.0078125 0.4921875
vt 0.4921875 0.4921875
vt 0.4921875 0.0078125
vt 0.0078125 0.0078125
vt 0.4921875 0.4921875
vt 0.0078125 0.4921875
vt 0.0078125 0.0078125
vt 0.4921875 0.0078125
vt 0.0078125 0.0078125
vt 0.0078125 0.4921875
vt 0.4921875 0.4921875
vt 0.4921875 0.0078125
vt 0.0078125 0.0078125
vt 0.0078125 0.4921875
vt 0.4921875 0.4921875
vt 0.4921875 0.0078125
vt 0.4921875 0.0078125
vt 0.4921875 0.4921875
vt 0.0078125 0.4921875
vt 0.0078125 0.0078125
vt 0.4921875 0.0078125
vt 0.4921875 0.4921875
vt 0.0078125 0.4921875
vt 0.0078125 0.0078125
vt 0.0078125 0.4921875
vt 0.4921875 0.4921875
vt 0.4921875 0.0078125
vt 0.0078125 0.0078125
vt 0.4921875 0.4921875
vt 0.0078125 0.4921875
vt 0.0078125 0.0078125
vt 0.4921875 0.0078125
vt 0.0078125 0.5078125
vt 0.0078125 0.9921875
vt 0.4921875 0.9921875
vt 0.4921875 0.5078125
vt 0.0078125 0.5078125
vt 0.0078125 0.9921875
vt 0.4921875 0.9921875
vt 0.4921875 0.5078125
vt 0.4921875 0.5078125
vt 0.4921875 0.9921875
vt 0.0078125 0.9921875
vt 0.0078125 0.5078125
vt 0.4921875 0.5078125
vt 0.4921875 0.9921875
vt 0.0078125 0.9921875
vt 0.0078125 0.5078125
vt 0.0078125 0.9921875
vt 0.4921875 0.9921875
vt 0.4921875 0.5078125
vt 0.0078125 0.5078125
vt 0.4921875 0.9921875
vt 0.0078125 0.9921875
vt 0.0078125 0.5078125
vt 0.4921875 0.5078125
vt 0.0078125 0.0078125
vt 0.0078125 0.4921875
vt 0.4921875 0.4921875
vt 0.4921875 0.0078125
vt 0.0078125 0.0078125
vt 0.0078125 0.4921875
vt 0.4921875 0.4921875
vt 0.4921875 0.0078125
vt 0.4921875 0.0078125
vt 0.4921875 0.4921875
vt 0.0078125 0.4921875
vt 0.0078125 0.0078125
vt 0.4921875 0.0078125
vt 0.4921875 0.4921875
vt 0.0078125 0.4921875
vt 0.0078125 0.0078125
vt 0.0078125 0.4921875
vt 0.4921875 0.4921875
vt 0.4921875 0.0078125
vt 0.0078125 0.0078125
vt 0.4921875 0.4921875
vt 0.0078125 0.4921875
vt 0.0078125 0.0078125
vt 0.4921875 0.0078125
vt 0.0078125 0.0078125
vt 0.0078125 0.4921875
vt 0.4921875 0.4921875
vt 0.4921875 0.0078125
vt 0.0078125 0.0078125
vt 0.0078125 0.4921875
vt 0.4921875 0.4921875
vt 0.4921875 0.0078125
vt 0.4921875 0.0078125
vt 0.4921875 0.4921875
vt 0.0078125 0.4921875
vt 0.0078125 0.0078125
vt 0.4921875 0.0078125
vt 0.4921875 0.4921875
vt 0.0078125 0.4921875
vt 0.0078125 0.0078125
vt 0.0078125 0.4921875
vt 0.4921875 0.4921875
vt 0.4921875 0.0078125
vt 0.0078125 0.0078125
vt 0.4921875 0.4921875
vt 0.0078125 0.4921875
vt 0.0078125 0.0078125
vt 0.4921875 0.0078125
vt 0.0078125 0.5078125
vt 0.0078125 0.9921875
vt 0.4921875 0.9921875
vt 0.4921875 0.5078125
vt 0.0078125 0.5078125
vt 0.0078125 0.9921875
vt 0.4921875 0.9921875
vt 0.4921875 0.5078125
vt 0.4921875 0.5078125
vt 0.4921875 0.9921875
vt 0.0078125 0.9921875
vt 0.0078125 0.5078125
vt 0.4921875 0.5078125
vt 0.4921875 0.9921875
vt 0.0078125 0.9921875
vt 0.0078125 0.5078125
vt 0.0078125 0.9921875
vt 0.4921875 0.9921875
vt 0.4921875 0.5078125
vt 0.0078125 0.5078125
vt 0.4921875 0.9921875
vt 0.0078125 0.9921875
vt 0.0078125 0.5078125
vt 0.4921875 0.5078125
vt 0.0078125 0.0078125
vt 0.0078125 0.4921875
vt 0.4921875 0.4921875
vt 0.4921875 0.0078125
vt 0.0078125 0.0078125
vt 0.0078125 0.4921875
vt 0.4921875 0.4921875
vt 0.4921875 0.0078125
vt 0.4921875 0.0078125
vt 0.4921875 0.4921875
vt 0.0078125 0.4921875
vt 0.0078125 0.0078125
vt 0.4921875 0.0078125
vt 0.4921875 0.4921875
vt 0.0078125 0.4921875
vt 0.0078125 0.0078125
vt 0.0078125 0.4921875
vt 0.4921875 0.4921875
vt 0.4921875 0.0078125
vt 0.0078125 0.0078125
vt 0.4921875 0.4921875
vt 0.0078125 0.4921875
vt 0.0078125 0.0078125
vt 0.4921875 0.0078125
vt 0.0078125 0.0078125
vt 0.0078125 0.4921875
vt 0.4921875 0.4921875
vt 0.4921875 0.0078125
vt 0.0078125 0.0078125
vt 0.0078125 0.4921875
vt 0.4921875 0.4921875
vt 0.4921875 0.0078125
vt 0.4921875 0.0078125
vt 0.4921875 0.4921875
vt 0.0078125 0.4921875
vt 0.0078125 0.0078125
vt 0.4921875 0.0078125
vt 0.4921875 0.4921875
vt 0.0078125 0.4921875
vt 0.0078125 0.0078125
vt 0.0078125 0.4921875
vt 0.4921875 0.4921875
vt 0.4921875 0.0078125
vt 0.0078125 0.0078125
vt 0.4921875 0.4921875
vt 0.0078125 0.4921875
vt 0.0078125 0.0078125
vt 0.4921875 0.0078125
vt 0.0078125 0.5078125
vt 0.0078125 0.9921875
vt 0.4921875 0.9921875
vt 0.4921875 0.5078125
vt 0.0078125 0.5078125
vt 0.0078125 0.9921875
vt 0.4921875 0.9921875
vt 0.4921875 0.5078125
vt 0.4921875 0.5078125
vt 0.4921875 0.9921875
vt 0.0078125 0.9921875
vt 0.0078125 0.5078125
vt 0.4921875 0.5078125
vt 0.4921875 0.9921875
vt 0.0078125 0.9921875
vt 0.0078125 0.5078125
vt 0.0078125 0.9921875
vt 0.4921875 0.9921875
vt 0.4921875 0.5078125
vt 0.0078125 0.5078125
vt 0.4921875 0.9921875
vt 0.0078125 0.9921875
vt 0.0078125 0.5078125
vt 0.4921875 0.5078125
vt 0.0078125 0.0078125
vt 0.0078125 0.4921875
vt 0.4921875 0.4921875
vt 0.4921875 0.0078125
vt 0.0078125 0.0078125
vt 0.0078125 0.4921875
vt 0.4921875 0.4921875
vt 0.4921875 0.0078125
vt 0.4921875 0.0078125
vt 0.4921875 0.4921875
vt 0.0078125 0.4921875
vt 0.0078125 0.0078125
vt 0.4921875 0.0078125
vt 0.4921875 0.4921875
vt 0.0078125 0.4921875
vt 0.0078125 0.0078125
vt 0.0078125 0.4921875
vt 0.4921875 0.4921875
vt 0.4921875 0.0078125
vt 0.0078125 0.0078125
vt 0.4921875 0.4921875
vt 0.0078125 0.4921875
vt 0.0078125 0.0078125
vt 0.4921875 0.0078125
vt 0.0078125 0.0078125
vt 0.0078125 0.4921875
vt 0.4921875 0.4921875
vt 0.4921875 0.0078125
vt 0.0078125 0.0078125
vt 0.0078125 0.4921875
vt 0.4921875 0.4921875
vt 0.4921875 0.0078125
vt 0.4921875 0.0078125
vt 0.4921875 0.4921875
vt 0.0078125 0.4921875
vt 0.0078125 0.0078125
vt 0.4921875 0.0078125
vt 0.4921875 0.4921875
vt 0.0078125 0.4921875
vt 0.0078125 0.0078125
vt 0.0078125 0.4921875
vt 0.4921875 0.4921875
vt 0.4921875 0.0078125
vt 0.0078125 0.0078125
vt 0.4921875 0.4921875
vt 0.0078125 0.4921875
vt 0.0078125 0.0078125
vt 0.4921875 0.0078125
vt 0.0078125 0.5078125
vt 0.0078125 0.9921875
vt 0.4921875 0.9921875
vt 0.4921875 0.5078125
vt 0.0078125 0.5078125
vt 0.0078125 0.9921875
vt 0.4921875 0.9921875
vt 0.4921875 0.5078125
vt 0.4921875 0.5078125
vt 0.4921875 0.9921875
vt 0.0078125 0.9921875
vt 0.0078125 0.5078125
vt 0.4921875 0.5078125
vt 0.4921875 0.9921875
vt 0.0078125 0.9921875
vt 0.0078125 0.5078125
vt 0.0078125 0.9921875
vt 0.4921875 0.9921875
vt 0.4921875 0.5078125
vt 0.0078125 0.5078125
vt 0.4921875 0.9921875
vt 0.0078125 0.9921875
vt 0.0078125 0.5078125
vt 0.4921875 0.5078125
vt 0.0078125 0.0078125
vt 0.0078125 0.4921875
vt 0.4921875 0.4921875
vt 0.4921875 0.0078125
vt 0.0078125 0.0078125
vt 0.0078125 0.4921875
vt 0.4921875 0.4921875
vt 0.4921875 0.0078125
vt 0.4921875 0.0078125
vt 0.4921875 0.4921875
vt 0.0078125 0.4921875
vt 0.0078125 0.0078125
vt 0.4921875 0.0078125
vt 0.4921875 0.4921875
vt 0.0078125 0.4921875
vt 0.0078125 0.0078125
vt 0.0078125 0.4921875
vt 0.4921875 0.4921875
vt 0.4921875 0.0078125
vt 0.0078125 0.0078125
vt 0.4921875 0.4921875
vt 0.0078125 0.4921875
vt 0.0078125 0.0078125
vt 0.4921875 0.0078125
vt 0.0078125 0.0078125
vt 0.0078125 0.4921875
vt 0.4921875 0.4921875
vt 0.4921875 0.0078125
vt 0.0078125 0.0078125
vt 0.0078125 0.4921875
vt 0.4921875 0.4921875
vt 0.4921875 0.0078125
vt 0.4921875 0.0078125
vt 0.4921875 0.4921875
vt 0.0078125 0.4921875
vt 0.0078125 0.0078125
vt 0.4921875 0.0078125
vt 0.4921875 0.4921875
vt 0.0078125 0.4921875
vt 0.0078125 0.0078125
vt 0.0078125 0.4921875
vt 0.4921875 0.4921875
vt 0.4921875 0.0078125
vt 0.0078125 0.0078125
vt 0.4921875 0.4921875
vt 0.0078125 0.4921875
vt 0.0078125 0.0078125
vt 0.4921875 0.0078125
vt 0.0078125 0.5078125
vt 0.0078125 0.9921875
vt 0.4921875 0.9921875
vt 0.4921875 0.5078125
vt 0.0078125 0.5078125
vt 0.0078125 0.9921875
vt 0.4921875 0.9921875
vt 0.4921875 0.5078125
vt 0.4921875 0.5078125
vt 0.4921875 0.9921875
vt 0.0078125 0.9921875
vt 0.0078125 0.5078125
vt 0.4921875 0.5078125
vt 0.4921875 0.9921875
vt 0.0078125 0.9921875
vt 0.0078125 0.5078125
vt 0.0078125 0.9921875
vt 0.4921875 0.9921875
vt 0.4921875 0.5078125
vt 0.0078125 0.5078125
vt 0.4921875 0.9921875
vt 0.0078125 0.9921875
vt 0.0078125 0.5078125
vt 0.4921875 0.5078125
vt 0.0078125 0.0078125
vt 0.0078125 0.4921875
vt 0.4921875 0.4921875
vt 0.4921875 0.0078125
vt 0.0078125 0.0078125
vt 0.0078125 0.4921875
vt 0.4921875 0.4921875
vt 0.4921875 0.0078125
vt 0.4921875 0.0078125
vt 0.4921875 0.4921875
vt 0.0078125 0.4921875
vt 0.0078125 0.0078125
vt 0.4921875 0.0078125
vt 0.4921875 0.4921875
vt 0.0078125 0.4921875
vt 0.0078125 0.0078125
vt 0.0078125 0.4921875
vt 0.4921875 0.4921875
vt 0.4921875 0.0078125
vt 0.0078125 0.0078125
vt 0.4921875 0.4921875
vt 0.0078125 0.4921875
vt 0.0078125 0.0078125
vt 0.4921875 0.0078125
vt 0.0078125 0.0078125
vt 0.0078125 0.4921875
vt 0.4921875 0.4921875
vt 0.4921875 0.0078125
vt 0.0078125 0.0078125
vt 0.0078125 0.4921875
vt 0.4921875 0.4921875
vt 0.4921875 0.0078125
vt 0.4921875 0.0078125
vt 0.4921875 0.4921875
vt 0.0078125 0.4921875
vt 0.0078125 0.0078125
vt 0.4921875 0.0078125
vt 0.4921875 0.4921875
vt 0.0078125 0.4921875
vt 0.0078125 0.0078125
vt 0.0078125 0.4921875
vt 0.4921875 0.4921875
vt 0.4921875 0.0078125
vt 0.0078125 0.0078125
vt 0.4921875 0.4921875
vt 0.0078125 0.4921875
vt 0.0078125 0.0078125
vt 0.4921875 0.0078125
vt 0.0078125 0.5078125
vt 0.0078125 0.9921875
vt 0.4921875 0.9921875
vt 0.4921875 0.5078125
vt 0.0078125 0.5078125
vt 0.0078125 0.9921875
vt 0.4921875 0.9921875
vt 0.4921875 0.5078125
vt 0.4921875 0.5078125
vt 0.4921875 0.9921875
vt 0.0078125 0.9921875
vt 0.0078125 0.5078125
vt 0.4921875 0.5078125
vt 0.4921875 0.9921875
vt 0.0078125 0.9921875
vt 0.0078125 0.5078125
vt 0.0078125 0.9921875
vt 0.4921875 0.9921875
vt 0.4921875 0.5078125
vt 0.0078125 0.5078125
vt 0.4921875 0.9921875
vt 0.0078125 0.9921875
vt 0.0078125 0.5078125
vt 0.4921875 0.5078125
vt 0.0078125 0.0078125
vt 0.0078125 0.4921875
vt 0.4921875 0.4921875
vt 0.4921875 0.0078125
vt 0.0078125 0.0078125
vt 0.0078125 0.4921875
vt 0.4921875 0.4921875
vt 0.4921875 0.0078125
vt 0.4921875 0.0078125
vt 0.4921875 0.4921875
vt 0.0078125 0.4921875
vt 0.0078125 0.0078125
vt 0.4921875 0.0078125
vt 0.4921875 0.4921875
vt 0.0078125 0.4921875
vt 0.0078125 0.0078125
vt 0.0078125 0.4921875
vt 0.4921875 0.4921875
vt 0.4921875 0.0078125
vt 0.0078125 0.0078125
vt 0.4921875 0.4921875
vt 0.0078125 0.4921875
vt 0.0078125 0.0078125
vt 0.4921875 0.0078125
vt 0.0078125 0.0078125
vt 0.0078125 0.4921875
vt 0.4921875 0.4921875
vt 0.4921875 0.0078125
vt 0.0078125 0.0078125
vt 0.0078125 0.4921875
vt 0.4921875 0.4921875
vt 0.4921875 0.0078125
vt 0.4921875 0.0078125
vt 0.4921875 0.4921875
vt 0.0078125 0.4921875
vt 0.0078125 0.0078125
vt 0.4921875 0.0078125
vt 0.4921875 0.4921875
vt 0.0078125 0.4921875
vt 0.0078125 0.0078125
vt 0.0078125 0.4921875
vt 0.4921875 0.4921875
vt 0.4921875 0.0078125
vt 0.0078125 0.0078125
vt 0.4921875 0.4921875
vt 0.0078125 0.4921875
vt 0.0078125 0.0078125
vt 0.4921875 0.0078125
vt 0.0078125 0.5078125
vt 0.0078125 0.9921875
vt 0.4921875 0.9921875
vt 0.4921875 0.5078125
vt 0.0078125 0.5078125
vt 0.0078125 0.9921875
vt 0.4921875 0.9921875
vt 0.4921875 0.5078125
vt 0.4921875 0.5078125
vt 0.4921875 0.9921875
vt 0.0078125 0.9921875
vt 0.0078125 0.5078125
vt 0.4921875 0.5078125
vt 0.4921875 0.9921875
vt 0.0078125 0.9921875
vt 0.0078125 0.5078125
vt 0.0078125 0.9921875
vt 0.4921875 0.9921875
vt 0.4921875 0.5078125
vt 0.0078125 0.5078125
vt 0.4921875 0.9921875
vt 0.0078125 0.9921875
vt 0.0078125 0.5078125
vt 0.4921875 0.5078125
vt 0.0078125 0.0078125
vt 0.0078125 0.4921875
vt 0.4921875 0.4921875
vt 0.4921875 0.0078125
vt 0.0078125 0.0078125
vt 0.0078125 0.4921875
vt 0.4921875 0.4921875
vt 0.4921875 0.0078125
vt 0.4921875 0.0078125
vt 0.4921875 0.4921875
vt 0.0078125 0.4921875
vt 0.0078125 0.0078125
vt 0.4921875 0.0078125
vt 0.4921875 0.4921875
vt 0.0078125 0.4921875
vt 0.0078125 0.0078125
vt 0.0078125 0.4921875
vt 0.4921875 0.4921875
vt 0.4921875 0.0078125
vt 0.0078125 0.0078125
vt 0.4921875 0.4921875
vt 0.0078125 0.4921875
vt 0.0078125 0.0078125
vt 0.4921875 0.0078125
vt 0.0078125 0.0078125
vt 0.0078125 0.4921875
vt 0.4921875 0.4921875
vt 0.4921875 0.0078125
vt 0.0078125 0.0078125
vt 0.0078125 0.4921875
vt 0.4921875 0.4921875
vt 0.4921875 0.0078125
vt 0.4921875 0.0078125
vt 0.4921875 0.4921875
vt 0.0078125 0.4921875
vt 0.0078125 0.0078125
vt 0.4921875 0.0078125
vt 0.4921875 0.4921875
vt 0.0078125 0.4921875
vt 0.0078125 0.0078125
vt 0.0078125 0.4921875
vt 0.4921875 0.4921875
vt 0.4921875 0.0078125
vt 0.0078125 0.0078125
vt 0.4921875 0.4921875
vt 0.0078125 0.4921875
vt 0.0078125 0.0078125
vt 0.4921875 0.0078125
vt 0.0078125 0.5078125
vt 0.0078125 0.9921875
vt 0.4921875 0.9921875
vt 0.4921875 0.5078125
vt 0.0078125 0.5078125
vt 0.0078125 0.9921875
vt 0.4921875 0.9921875
vt 0.4921875 0.5078125
vt 0.4921875 0.5078125
vt 0.4921875 0.9921875
vt 0.0078125 0.9921875
vt 0.0078125 0.5078125
vt 0.4921875 0.5078125
vt 0.4921875 0.9921875
vt 0.0078125 0.9921875
vt 0.0078125 0.5078125
vt 0.0078125 0.9921875
vt 0.4921875 0.9921875
vt 0.4921875 0.5078125
vt 0.0078125 0.5078125
vt 0.4921875 0.9921875
vt 0.0078125 0.9921875
vt 0.0078125 0.5078125
vt 0.4921875 0.5078125
vt 0.0078125 0.0078125
vt 0.0078125 0.4921875
vt 0.4921875 0.4921875
vt 0.4921875 0.0078125
vt 0.0078125 0.0078125
vt 0.0078125 0.4921875
vt 0.4921875 0.4921875
vt 0.4921875 0.0078125
vt 0.4921875 0.0078125
vt 0.4921875 0.4921875
vt 0.0078125 0.4921875
vt 0.0078125 0.0078125
vt 0.4921875 0.0078125
vt 0.4921875 0.4921875
vt 0.0078125 0.4921875
vt 0.0078125 0.0078125
vt 0.0078125 0.4921875
vt 0.4921875 0.4921875
vt 0.4921875 0.0078125
vt 0.0078125 0.0078125
vt 0.4921875 0.4921875
vt 0.0078125 0.4921875
vt 0.0078125 0.0078125
vt 0.4921875 0.0078125
vt 0.0078125 0.0078125
vt 0.0078125 0.4921875
vt 0.4921875 0.4921875
vt 0.4921875 0.0078125
vt 0.0078125 0.0078125
vt 0.0078125 0.4921875
vt 0.4921875 0.4921875
vt 0.4921875 0.0078125
vt 0.4921875 0.0078125
vt 0.4921875 0.4921875
vt 0.0078125 0.4921875
vt 0.0078125 0.0078125
vt 0.4921875 0.0078125
vt 0.4921875 0.4921875
vt 0.0078125 0.4921875
vt 0.0078125 0.0078125
vt 0.0078125 0.4921875
vt 0.4921875 0.4921875
vt 0.4921875 0.0078125
vt 0.0078125 0.0078125
vt 0.4921875 0.4921875
vt 0.0078125 0.4921875
vt 0.0078125 0.0078125
vt 0.4921875 0.0078125
vt 0.0078125 0.5078125
vt 0.0078125 0.9921875
vt 0.4921875 0.9921875
vt 0.4921875 0.5078125
vt 0.0078125 0.5078125
vt 0.0078125 0.9921875
vt 0.4921875 0.9921875
vt 0.4921875 0.5078125
vt 0.4921875 0.5078125
vt 0.4921875 0.9921875
vt 0.0078125 0.9921875
vt 0.0078125 0.5078125
vt 0.4921875 0.5078125
vt 0.4921875 0.9921875
vt 0.0078125 0.9921875
vt 0.0078125 0.5078125
vt 0.0078125 0.9921875
vt 0.4921875 0.9921875
vt 0.4921875 0.5078125
vt 0.0078125 0.5078125
vt 0.4921875 0.9921875
vt 0.0078125 0.9921875
vt 0.0078125 0.5078125
vt 0.4921875 0.5078125
vt 0.0078125 0.0078125
vt 0.0078125 0.4921875
vt 0.4921875 0.4921875
vt 0.4921875 0.0078125
vt 0.0078125 0.0078125
vt 0.0078125 0.4921875
vt 0.4921875 0.4921875
vt 0.4921875 0.0078125
vt 0.4921875 0.0078125
vt 0.4921875 0.4921875
vt 0.0078125 0.4921875
vt 0.0078125 0.0078125
vt 0.4921875 0.0078125
vt 0.4921875 0.4921875
vt 0.0078125 0.4921875
vt 0.0078125 0.0078125
vt 0.0078125 0.4921875
vt 0.4921875 0.4921875
vt 0.4921875 0.0078125
vt 0.0078125 0.0078125
vt 0.4921875 0.4921875
vt 0.0078125 0.4921875
vt 0.0078125 0.0078125
vt 0.4921875 0.0078125
vt 0.0078125 0.0078125
vt 0.0078125 0.4921875
vt 0.4921875 0.4921875
vt 0.4921875 0.0078125
vt 0.0078125 0.0078125
vt 0.0078125 0.4921875
vt 0.4921875 0.4921875
vt 0.4921875 0.0078125
vt 0.4921875 0.0078125
vt 0.4921875 0.4921875
vt 0.0078125 0.4921875
vt 0.0078125 0.0078125
vt 0.4921875 0.0078125
vt 0.4921875 0.4921875
vt 0.0078125 0.4921875
vt 0.0078125 0.0078125
vt 0.0078125 0.4921875
vt 0.4921875 0.4921875
vt 0.4921875 0.0078125
vt 0.0078125 0.0078125
vt 0.4921875 0.4921875
vt 0.0078125 0.4921875
vt 0.0078125 0.0078125
vt 0.4921875 0.0078125
vt 0.0078125 0.5078125
vt 0.0078125 0.9921875
vt 0.4921875 0.9921875
vt 0.4921875 0.5078125
vt 0.0078125 0.5078125
vt 0.0078125 0.9921875
vt 0.4921875 0.9921875
vt 0.4921875 0.5078125
vt 0.4921875 0.5078125
vt 0.4921875 0.9921875
vt 0.0078125 0.9921875
vt 0.0078125 0.5078125
vt 0.4921875 0.5078125
vt 0.4921875 0.9921875
vt 0.0078125 0.9921875
vt 0.0078125 0.5078125
vt 0.0078125 0.9921875
vt 0.4921875 0.9921875
vt 0.4921875 0.5078125
vt 0.0078125 0.5078125
vt 0.4921875 0.9921875
vt 0.0078125 0.9921875
vt 0.0078125 0.5078125
vt 0.4921875 0.5078125
vt 0.0078125 0.0078125
vt 0.0078125 0.4921875
vt 0.4921875 0.4921875
vt 0.4921875 0.0078125
vt 0.0078125 0.0078125
vt 0.0078125 0.4921875
vt 0.4921875 0.4921875
vt 0.4921875 0.0078125
vt 0.4921875 0.0078125
vt 0.4921875 0.4921875
vt 0.0078125 0.4921875
vt 0.0078125 0.0078125
vt 0.4921875 0.0078125
vt 0.4921875 0.4921875
vt 0.0078125 0.4921875
vt 0.0078125 0.0078125
vt 0.0078125 0.4921875
vt 0.4921875 0.4921875
vt 0.4921875 0.0078125
vt 0.0078125 0.0078125
vt 0.4921875 0.4921875
vt 0.0078125 0.4921875
vt 0.0078125 0.0078125
vt 0.4921875 0.0078125
vt 0.0078125 0.0078125
vt 0.0078125 0.4921875
vt 0.4921875 0.4921875
vt 0.4921875 0.0078125
vt 0.0078125 0.0078125
vt 0.0078125 0.4921875
vt 0.4921875 0.4921875
vt 0.4921875 0.0078125
vt 0.4921875 0.0078125
vt 0.4921875 0.4921875
vt 0.0078125 0.4921875
vt 0.0078125 0.0078125
vt 0.4921875 0.0078125
vt 0.4921875 0.4921875
vt 0.0078125 0.4921875
vt 0.0078125 0.0078125
vt 0.0078125 0.4921875
vt 0.4921875 0.4921875
vt 0.4921875 0.0078125
vt 0.0078125 0.0078125
vt 0.4921875 0.4921875
vt 0.0078125 0.4921875
vt 0.0078125 0.0078125
vt 0.4921875 0.0078125
vt 0.0078125 0.5078125
vt 0.0078125 0.9921875
vt 0.4921875 0.9921875
vt 0.4921875 0.5078125
vt 0.0078125 0.5078125
vt 0.0078125 0.9921875
vt 0.4921875 0.9921875
vt 0.4921875 0.5078125
vt 0.4921875 0.5078125
vt 0.4921875 0.9921875
vt 0.0078125 0.9921875
vt 0.0078125 0.5078125
vt 0.4921875 0.5078125
vt 0.4921875 0.9921875
vt 0.0078125 0.9921875
vt 0.0078125 0.5078125
vt 0.0078125 0.9921875
vt 0.4921875 0.9921875
vt 0.4921875 0.5078125
vt 0.0078125 0.5078125
vt 0.4921875 0.9921875
vt 0.0078125 0.9921875
vt 0.0078125 0.5078125
vt 0.4921875 0.5078125
vt 0.0078125 0.0078125
vt 0.0078125 0.4921875
vt 0.4921875 0.4921875
vt 0.4921875 0.0078125
vt 0.0078125 0.0078125
vt 0.0078125 0.4921875
vt 0.4921875 0.4921875
vt 0.4921875 0.0078125
vt 0.4921875 0.0078125
vt 0.4921875 0.4921875
vt 0.0078125 0.4921875
vt 0.0078125 0.0078125
vt 0.4921875 0.0078125
vt 0.4921875 0.4921875
vt 0.0078125 0.4921875
vt 0.0078125 0.0078125
vt 0.0078125 0.4921875
vt 0.4921875 0.4921875
vt 0.4921875 0.0078125
vt 0.0078125 0.0078125
vt 0.4921875 0.4921875
vt 0.0078125 0.4921875
vt 0.0078125 0.0078125
vt 0.4921875 0.0078125
vt 0.0078125 0.0078125
vt 0.0078125 0.4921875
vt 0.4921875 0.4921875
vt 0.4921875 0.0078125
vt 0.0078125 0.0078125
vt 0.0078125 0.4921875
vt 0.4921875 0.4921875
vt 0.4921875 0.0078125
vt 0.4921875 0.0078125
vt 0.4921875 0.4921875
vt 0.0078125 0.4921875
vt 0.0078125 0.0078125
vt 0.4921875 0.0078125
vt 0.4921875 0.4921875
vt 0.0078125 0.4921875
vt 0.0078125 0.0078125
vt 0.0078125 0.4921875
vt 0.4921875 0.4921875
vt 0.4921875 0.0078125
vt 0.0078125 0.0078125
vt 0.4921875 0.4921875
vt 0.0078125 0.4921875
vt 0.0078125 0.0078125
vt 0.4921875 0.0078125
vt 0.0078125 0.5078125
vt 0.0078125 0.9921875
vt 0.4921875 0.9921875
vt 0.4921875 0.5078125
vt 0.0078125 0.5078125
vt 0.0078125 0.9921875
vt 0.4921875 0.9921875
vt 0.4921875 0.5078125
vt 0.4921875 0.5078125
vt 0.4921875 0.9921875
vt 0.0078125 0.9921875
vt 0.0078125 0.5078125
vt 0.4921875 0.5078125
vt 0.4921875 0.9921875
vt 0.0078125 0.9921875
vt 0.0078125 0.5078125
vt 0.0078125 0.9921875
vt 0.4921875 0.9921875
vt 0.4921875 0.5078125
vt 0.0078125 0.5078125
vt 0.4921875 0.9921875
vt 0.0078125 0.9921875
vt 0.0078125 0.5078125
vt 0.4921875 0.5078125
vt 0.0078125 0.0078125
vt 0.0078125 0.4921875
vt 0.4921875 0.4921875
vt 0.4921875 0.0078125
vt 0.0078125 0.0078125
vt 0.0078125 0.4921875
vt 0.4921875 0.4921875
vt 0.4921875 0.0078125
vt 0.4921875 0.0078125
vt 0.4921875 0.4921875
vt 0.0078125 0.4921875
vt 0.0078125 0.0078125
vt 0.4921875 0.0078125
vt 0.4921875 0.4921875
vt 0.0078125 0.4921875
vt 0.0078125 0.0078125
vt 0.0078125 0.4921875
vt 0.4921875 0.4921875
vt 0.4921875 0.0078125
vt 0.0078125 0.0078125
vt 0.4921875 0.4921875
vt 0.0078125 0.4921875
vt 0.0078125 0.0078125
vt 0.4921875 0.0078125
vt 0.0078125 0.0078125
vt 0.0078125 0.4921875
vt 0.4921875 0.4921875
vt 0.4921875 0.0078125
vt 0.0078125 0.0078125
vt 0.0078125 0.4921875
vt 0.4921875 0.4921875
vt 0.4921875 0.0078125
vt 0.4921875 0.0078125
vt 0.4921875 0.4921875
vt 0.0078125 0.4921875
vt 0.0078125 0.0078125
vt 0.4921875 0.0078125
vt 0.4921875 0.4921875
vt 0.0078125 0.4921875
vt 0.0078125 0.0078125
vt 0.0078125 0.4921875
vt 0.4921875 0.4921875
vt 0.4921875 0.0078125
vt 0.0078125 0.0078125
vt 0.4921875 0.4921875
vt 0.0078125 0.4921875
vt 0.0078125 0.0078125
vt 0.4921875 0.0078125
vt 0.0078125 0.5078125
vt 0.0078125 0.9921875
vt 0.4921875 0.9921875
vt 0.4921875 0.5078125
vt 0.0078125 0.5078125
vt 0.0078125 0.9921875
vt 0.4921875 0.9921875
vt 0.4921875 0.5078125
vt 0.4921875 0.5078125
vt 0.4921875 0.9921875
vt 0.0078125 0.9921875
vt 0.0078125 0.5078125
vt 0.4921875 0.5078125
vt 0.4921875 0.9921875
vt 0.0078125 0.9921875
vt 0.0078125 0.5078125
vt 0.0078125 0.9921875
vt 0.4921875 0.9921875
vt 0.4921875 0.5078125
vt 0.0078125 0.5078125
vt 0.4921875 0.9921875
vt 0.0078125 0.9921875
vt 0.0078125 0.5078125
vt 0.4921875 0.5078125
vt 0.0078125 0.0078125
vt 0.0078125 0.4921875
vt 0.4921875 0.4921875
vt 0.4921875 0.0078125
vt 0.0078125 0.0078125
vt 0.0078125 0.4921875
vt 0.4921875 0.4921875
vt 0.4921875 0.0078125
vt 0.4921875 0.0078125
vt 0.4921875 0.4921875
vt 0.0078125 0.4921875
vt 0.0078125 0.0078125
vt 0.4921875 0.0078125
vt 0.4921875 0.4921875
vt 0.0078125 0.4921875
vt 0.0078125 0.0078125
vt 0.0078125 0.4921875
vt 0.4921875 0.4921875
vt 0.4921875 0.0078125
vt 0.0078125 0.0078125
vt 0.4921875 0.4921875
vt 0.0078125 0.4921875
vt 0.0078125 0.0078125
vt 0.4921875 0.0078125
vt 0.0078125 0.0078125
vt 0.0078125 0.4921875
vt 0.4921875 0.4921875
vt 0.4921875 0.0078125
vt 0.0078125 0.0078125
vt 0.0078125 0.4921875
vt 0.4921875 0.4921875
vt 0.4921875 0.0078125
vt 0.4921875 0.0078125
vt 0.4921875 0.4921875
vt 0.0078125 0.4921875
vt 0.0078125 0.0078125
vt 0.4921875 0.0078125
vt 0.4921875 0.4921875
vt 0.0078125 0.4921875
vt 0.0078125 0.0078125
vt 0.0078125 0.4921875
vt 0.4921875 0.4921875
vt 0.4921875 0.0078125
vt 0.0078125 0.0078125
vt 0.4921875 0.4921875
vt 0.0078125 0.4921875
vt 0.0078125 0.0078125
vt 0.4921875 0.0078125
vt 0.0078125 0.5078125
vt 0.0078125 0.9921875
vt 0.4921875 0.9921875
vt 0.4921875 0.5078125
vt 0.0078125 0.5078125
vt 0.0078125 0.9921875
vt 0.4921875 0.9921875
vt 0.4921875 0.5078125
vt 0.4921875 0.5078125
vt 0.4921875 0.9921875
vt 0.0078125 0.9921875
vt 0.0078125 0.5078125
vt 0.4921875 0.5078125
vt 0.4921875 0.9921875
vt 0.0078125 0.9921875
vt 0.0078125 0.5078125
vt 0.0078125 0.9921875
vt 0.4921875 0.9921875
vt 0.4921875 0.5078125
vt 0.0078125 0.5078125
vt 0.4921875 0.9921875
vt 0.0078125 0.9921875
vt 0.0078125 0.5078125
vt 0.4921875 0.5078125
vt 0.0078125 0.0078125
vt 0.0078125 0.4921875
vt 0.4921875 0.4921875
vt 0.4921875 0.0078125
vt 0.0078125 0.0078125
vt 0.0078125 0.4921875
vt 0.4921875 0.4921875
vt 0.4921875 0.0078125
vt 0.4921875 0.0078125
vt 0.4921875 0.4921875
vt 0.0078125 0.4921875
vt 0.0078125 0.0078125
vt 0.4921875 0.0078125
vt 0.4921875 0.4921875
vt 0.0078125 0.4921875
vt 0.0078125 0.0078125
vt 0.0078125 0.4921875
vt 0.4921875 0.4921875
vt 0.4921875 0.0078125
vt 0.0078125 0.0078125
vt 0.4921875 0.4921875
vt 0.0078125 0.4921875
vt 0.0078125 0.0078125
vt 0.4921875 0.0078125
vt 0.0078125 0.0078125
vt 0.0078125 0.4921875
vt 0.4921875 0.4921875
vt 0.4921875 0.0078125
vt 0.0078125 0.0078125
vt 0.0078125 0.4921875
vt 0.4921875 0.4921875
vt 0.4921875 0.0078125
vt 0.4921875 0.0078125
vt 0.4921875 0.4921875
vt 0.0078125 0.4921875
vt 0.0078125 0.0078125
vt 0.4921875 0.0078125
vt 0.4921875 0.4921875
vt 0.0078125 0.4921875
vt 0.0078125 0.0078125
vt 0.0078125 0.4921875
vt 0.4921875 0.4921875
vt 0.4921875 0.0078125
vt 0.0078125 0.0078125
vt 0.4921875 0.4921875
vt 0.0078125 0.4921875
vt 0.0078125 0.0078125
vt 0.4921875 0.0078125
vt 0.0078125 0.5078125
vt 0.0078125 0.9921875
vt 0.4921875 0.9921875
vt 0.4921875 0.5078125
vt 0.0078125 0.5078125
vt 0.0078125 0.9921875
vt 0.4921875 0.9921875
vt 0.4921875 0.5078125
vt 0.4921875 0.5078125
vt 0.4921875 0.9921875
vt 0.0078125 0.9921875
vt 0.0078125 0.5078125
vt 0.4921875 0.5078125
vt 0.4921875 0.9921875
vt 0.0078125 0.9921875
vt 0.0078125 0.5078125
vt 0.0078125 0.9921875
vt 0.4921875 0.9921875
vt 0.4921875 0.5078125
vt 0.0078125 0.5078125
vt 0.4921875 0.9921875
vt 0.0078125 0.9921875
vt 0.0078125 0.5078125
vt 0.4921875 0.5078125
vt 0.0078125 0.0078125
vt 0.0078125 0.4921875
vt 0.4921875 0.4921875
vt 0.4921875 0.0078125
vt 0.0078125 0.0078125
vt 0.0078125 0.4921875
vt 0.4921875 0.4921875
vt 0.4921875 0.0078125
vt 0.4921875 0.0078125
vt 0.4921875 0.4921875
vt 0.0078125 0.4921875
vt 0.0078125 0.0078125
vt 0.4921875 0.0078125
vt 0.4921875 0.4921875
vt 0.0078125 0.4921875
vt 0.0078125 0.0078125
vt 0.0078125 0.4921875
vt 0.4921875 0.4921875
vt 0.4921875 0.0078125
vt 0.0078125 0.0078125
vt 0.4921875 0.4921875
vt 0.0078125 0.4921875
vt 0.0078125 0.0078125
vt 0.4921875 0.0078125
vt 0.0078125 0.0078125
vt 0.0078125 0.4921875
vt 0.4921875 0.4921875
vt 0.4921875 0.0078125
vt 0.0078125 0.0078125
vt 0.0078125 0.4921875
vt 0.4921875 0.4921875
vt 0.4921875 0.0078125
vt 0.4921875 0.0078125
vt 0.4921875 0.4921875
vt 0.0078125 0.4921875
vt 0.0078125 0.0078125
vt 0.4921875 0.0078125
vt 0.4921875 0.4921875
vt 0.0078125 0.4921875
vt 0.0078125 0.0078125
vt 0.0078125 0.4921875
vt 0.4921875 0.4921875
vt 0.4921875 0.0078125
vt 0.0078125 0.0078125
vt 0.4921875 0.4921875
vt 0.0078125 0.4921875
vt 0.0078125 0.0078125
vt 0.4921875 0.0078125
vt 0.0078125 0.5078125
vt 0.0078125 0.9921875
vt 0.4921875 0.9921875
vt 0.4921875 0.5078125
vt 0.0078125 0.5078125
vt 0.0078125 0.9921875
vt 0.4921875 0.9921875
vt 0.4921875 0.5078125
vt 0.4921875 0.5078125
vt 0.4921875 0.9921875
vt 0.0078125 0.9921875
vt 0.0078125 0.5078125
vt 0.4921875 0.5078125
vt 0.4921875 0.9921875
vt 0.0078125 0.9921875
vt 0.0078125 0.5078125
vt 0.0078125 0.9921875
vt 0.4921875 0.9921875
vt 0.4921875 0.5078125
vt 0.0078125 0.5078125
vt 0.4921875 0.9921875
vt 0.0078125 0.9921875
vt 0.0078125 0.5078125
vt 0.4921875 0.5078125
vt 0.0078125 0.0078125
vt 0.0078125 0.4921875
vt 0.4921875 0.4921875
vt 0.4921875 0.0078125
vt 0.0078125 0.0078125
vt 0.0078125 0.4921875
vt 0.4921875 0.4921875
vt 0.4921875 0.0078125
vt 0.4921875 0.0078125
vt 0.4921875 0.4921875
vt 0.0078125 0.4921875
vt 0.0078125 0.0078125
vt 0.4921875 0.0078125
vt 0.4921875 0.4921875
vt 0.0078125 0.4921875
vt 0.0078125 0.0078125
vt 0.0078125 0.4921875
vt 0.4921875 0.4921875
vt 0.4921875 0.0078125
vt 0.0078125 0.0078125
vt 0.4921875 0.4921875
vt 0.0078125 0.4921875
vt 0.0078125 0.0078125
vt 0.4921875 0.0078125
vt 0.0078125 0.0078125
vt 0.0078125 0.4921875
vt 0.4921875 0.4921875
vt 0.4921875 0.0078125
vt 0.0078125 0.0078125
vt 0.0078125 0.4921875
vt 0.4921875 0.4921875
vt 0.4921875 0.0078125
vt 0.4921875 0.0078125
vt 0.4921875 0.4921875
vt 0.0078125 0.4921875
vt 0.0078125 0.0078125
vt 0.4921875 0.0078125
vt 0.4921875 0.4921875
vt 0.0078125 0.4921875
vt 0.0078125 0.0078125
vt 0.0078125 0.4921875
vt 0.4921875 0.4921875
vt 0.4921875 0.0078125
vt 0.0078125 0.0078125
vt 0.4921875 0.4921875
vt 0.0078125 0.4921875
vt 0.0078125 0.0078125
vt 0.4921875 0.0078125
vt 0.0078125 0.5078125
vt 0.0078125 0.9921875
vt 0.4921875 0.9921875
vt 0.4921875 0.5078125
vt 0.0078125 0.5078125
vt 0.0078125 0.9921875
vt 0.4921875 0.9921875
vt 0.4921875 0.5078125
vt 0.4921875 0.5078125
vt 0.4921875 0.9921875
vt 0.0078125 0.9921875
vt 0.0078125 0.5078125
vt 0.4921875 0.5078125
vt 0.4921875 0.9921875
vt 0.0078125 0.9921875
vt 0.0078125 0.5078125
vt 0.0078125 0.9921875
vt 0.4921875 0.9921875
vt 0.4921875 0.5078125
vt 0.0078125 0.5078125
vt 0.4921875 0.9921875
vt 0.0078125 0.9921875
vt 0.0078125 0.5078125
vt 0.4921875 0.5078125
vt 0.0078125 0.0078125
vt 0.0078125 0.4921875
vt 0.4921875 0.4921875
vt 0.4921875 0.0078125
vt 0.0078125 0.0078125
vt 0.0078125 0.4921875
vt 0.4921875 0.4921875
vt 0.4921875 0.0078125
vt 0.4921875 0.0078125
vt 0.4921875 0.4921875
vt 0.0078125 0.4921875
vt 0.0078125 0.0078125
vt 0.4921875 0.0078125
vt 0.4921875 0.4921875
vt 0.0078125 0.4921875
vt 0.0078125 0.0078125
vt 0.0078125 0.4921875
vt 0.4921875 0.4921875
vt 0.4921875 0.0078125
vt 0.0078125 0.0078125
vt 0.4921875 0.4921875
vt 0.0078125 0.4921875
vt 0.0078125 0.0078125
vt 0.4921875 0.0078125
vt 0.5078125 0.5078125
vt 0.5078125 0.9921875
vt 0.9921875 0.9921875
vt 0.9921875 0.5078125
vt 0.5078125 0.5078125
vt 0.5078125 0.9921875
vt 0.9921875 0.9921875
vt 0.9921875 0.5078125
vt 0.9921875 0.5078125
vt 0.9921875 0.9921875
vt 0.5078125 0.9921875
vt 0.5078125 0.5078125
vt 0.9921875 0.5078125
vt 0.9921875 0.9921875
vt 0.5078125 0.9921875
vt 0.5078125 0.5078125
vt 0.5078125 0.9921875
vt 0.9921875 0.9921875
vt 0.9921875 0.5078125
vt 0.5078125 0.5078125
vt 0.9921875 0.9921875
vt 0.5078125 0.9921875
vt 0.5078125 0.5078125
vt 0.9921875 0.5078125
vt 0.0078125 0.0078125
vt 0.0078125 0.4921875
vt 0.4921875 0.4921875
vt 0.4921875 0.0078125
vt 0.0078125 0.0078125
vt 0.0078125 0.4921875
vt 0.4921875 0.4921875
vt 0.4921875 0.0078125
vt 0.4921875 0.0078125
vt 0.4921875 0.4921875
vt 0.0078125 0.4921875
vt 0.0078125 0.0078125
vt 0.4921875 0.0078125
vt 0.4921875 0.4921875
vt 0.0078125 0.4921875
vt 0.0078125 0.0078125
vt 0.0078125 0.4921875
vt 0.4921875 0.4921875
vt 0.4921875 0.0078125
vt 0.0078125 0.0078125
vt 0.9921875 0.4921875
vt 0.5078125 0.4921875
vt 0.5078125 0.0078125
vt 0.9921875 0.0078125
usemtl narrow_office
f 1/1 2/2 4/3
f 1/1 4/3 3/4
f 3/5 4/6 8/7
f 3/5 8/7 7/8
f 7/9 8/10 6/11
f 7/9 6/11 5/12
f 5/13 6/14 2/15
f 5/13 2/15 1/16
f 3/17 7/18 5/19
f 3/17 5/19 1/20
f 8/21 4/22 2/23
f 8/21 2/23 6/24
f 9/25 10/26 12/27
f 9/25 12/27 11/28
f 11/29 12/30 16/31
f 11/29 16/31 15/32
f 15/33 16/34 14/35
f 15/33 14/35 13/36
f 13/37 14/38 10/39
f 13/37 10/39 9/40
f 11/41 15/42 13/43
f 11/41 13/43 9/44
f 16/45 12/46 10/47
f 16/45 10/47 14/48
f 17/49 18/50 20/51
f 17/49 20/51 19/52
f 19/53 20/54 24/55
f 19/53 24/55 23/56
f 23/57 24/58 22/59
f 23/57 22/59 21/60
f 21/61 22/62 18/63
f 21/61 18/63 17/64
f 19/65 23/66 21/67
f 19/65 21/67 17/68
f 24/69 20/70 18/71
f 24/69 18/71 22/72
f 25/73 26/74 28/75
f 25/73 28/75 27/76
f 27/77 28/78 32/79
f 27/77 32/79 31/80
f 31/81 32/82 30/83
f 31/81 30/83 29/84
f 29/85 30/86 26/87
f 29/85 26/87 25/88
f 27/89 31/90 29/91
f 27/89 29/91 25/92
f 32/93 28/94 26/95
f 32/93 26/95 30/96
f 33/97 34/98 36/99
f 33/97 36/99 35/100
f 35/101 36/102 40/103
f 35/101 40/103 39/104
f 39/105 40/106 38/107
f 39/105 38/107 37/108
f 37/109 38/110 34/111
f 37/109 34/111 33/112
f 35/113 39/114 37/115
f 35/113 37/115 33/116
f 40/117 36/118 34/119
f 40/117 34/119 38/120
f 41/121 42/122 44/123
f 41/121 44/123 43/124
f 43/125 44/126 48/127
f 43/125 48/127 47/128
f 47/129 48/130 46/131
f 47/129 46/131 45/132
f 45/133 46/134 42/135
f 45/133 42/135 41/136
f 43/137 47/138 45/139
f 43/137 45/139 41/140
f 48/141 44/142 42/143
f 48/141 42/143 46/144
f 49/145 50/146 52/147
f 49/145 52/147 51/148
f 51/149 52/150 56/151
f 51/149 56/151 55/152
f 55/153 56/154 54/155
f 55/153 54/155 53/156
f 53/157 54/158 50/159
f 53/157 50/159 49/160
f 51/161 55/162 53/163
f 51/161 53/163 49/164
f 56/165 52/166 50/167
f 56/165 50/167 54/168
f 57/169 58/170 60/171
f 57/169 60/171 59/172
f 59/173 60/174 64/175
f 59/173 64/175 63/176
f 63/177 64/178 62/179
f 63/177 62/179 61/180
f 61/181 62/182 58/183
f 61/181 58/183 57/184
f 59/185 63/186 61/187
f 59/185 61/187 57/188
f 64/189 60/190 58/191
f 64/189 58/191 62/192
f 65/193 66/194 68/195
f 65/193 68/195 67/196
f 67/197 68/198 72/199
f 67/197 72/199 71/200
f 71/201 72/202 70/203
f 71/201 70/203 69/204
f 69/205 70/206 66/207
f 69/205 66/207 65/208
f 67/209 71/210 69/211
f 67/209 69/211 65/212
f 72/213 68/214 66/215
f 72/213 66/215 70/216
f 73/217 74/218 76/219
f 73/217 76/219 75/220
f 75/221 76/222 80/223
f 75/221 80/223 79/224
f 79/225 80/226 78/227
f 79/225 78/227 77/228
f 77/229 78/230 74/231
f 77/229 74/231 73/232
f 75/233 79/234 77/235
f 75/233 77/235 73/236
f 80/237 76/238 74/239
f 80/237 74/239 78/240
f 81/241 82/242 84/243
f 81/241 84/243 83/244
f 83/245 84/246 88/247
f 83/245 88/247 87/248
f 87/249 88/250 86/251
f 87/249 86/251 85/252
f 85/253 86/254 82/255
f 85/253 82/255 81/256
f 83/257 87/258 85/259
f 83/257 85/259 81/260
f 88/261 84/262 82/263
f 88/261 82/263 86/264
f 89/265 90/266 92/267
f 89/265 92/267 91/268
f 91/269 92/270 96/271
f 91/269 96/271 95/272
f 95/273 96/274 94/275
f 95/273 94/275 93/276
f 93/277 94/278 90/279
f 93/277 90/279 89/280
f 91/281 95/282 93/283
f 91/281 93/283 89/284
f 96/285 92/286 90/287
f 96/285 90/287 94/288
f 97/289 98/290 100/291
f 97/289 100/291 99/292
f 99/293 100/294 104/295
f 99/293 104/295 103/296
f 103/297 104/298 102/299
f 103/297 102/299 101/300
f 101/301 102/302 98/303
f 101/301 98/303 97/304
f 99/305 103/306 101/307
f 99/305 101/307 97/308
f 104/309 100/310 98/311
f 104/309 98/311 102/312
f 105/313 106/314 108/315
f 105/313 108/315 107/316
f 107/317 108/318 112/319
f 107/317 112/319 111/320
f 111/321 112/322 110/323
f 111/321 110/323 109/324
f 109/325 110/326 106/327
f 109/325 106/327 105/328
f 107/329 111/330 109/331
f 107/329 109/331 105/332
f 112/333 108/334 106/335
f 112/333 106/335 110/336
f 113/337 114/338 116/339
f 113/337 116/339 115/340
f 115/341 116/342 120/343
f 115/341 120/343 119/344
f 119/345 120/346 118/347
f 119/345 118/347 117/348
f 117/349 118/350 114/351
f 117/349 114/351 113/352
f 115/353 119/354 117/355
f 115/353 117/355 113/356
f 120/357 116/358 114/359
f 120/357 114/359 118/360
f 121/361 122/362 124/363
f 121/361 124/363 123/364
f 123/365 124/366 128/367
f 123/365 128/367 127/368
f 127/369 128/370 126/371
f 127/369 126/371 125/372
f 125/373 126/374 122/375
f 125/373 122/375 121/376
f 123/377 127/378 125/379
f 123/377 125/379 121/380
f 128/381 124/382 122/383
f 128/381 122/383 126/384
f 129/385 130/386 132/387
f 129/385 132/387 131/388
f 131/389 132/390 136/391
f 131/389 136/391 135/392
f 135/393 136/394 134/395
f 135/393 134/395 133/396
f 133/397 134/398 130/399
f 133/397 130/399 129/400
f 131/401 135/402 133/403
f 131/401 133/403 129/404
f 136/405 132/406 130/407
f 136/405 130/407 134/408
f 137/409 138/410 140/411
f 137/409 140/411 139/412
f 139/413 140/414 144/415
f 139/413 144/415 143/416
f 143/417 144/418 142/419
f 143/417 142/419 141/420
f 141/421 142/422 138/423
f 141/421 138/423 137/424
f 139/425 143/426 141/427
f 139/425 141/427 137/428
f 144/429 140/430 138/431
f 144/429 138/431 142/432
f 145/433 146/434 148/435
f 145/433 148/435 147/436
f 147/437 148/438 152/439
f 147/437 152/439 151/440
f 151/441 152/442 150/443
f 151/441 150/443 149/444
f 149/445 150/446 146/447
f 149/445 146/447 145/448
f 147/449 151/450 149/451
f 147/449 149/451 145/452
f 152/453 148/454 146/455
f 152/453 146/455 150/456
f 153/457 154/458 156/459
f 153/457 156/459 155/460
f 155/461 156/462 160/463
f 155/461 160/463 159/464
f 159/465 160/466 158/467
f 159/465 158/467 157/468
f 157/469 158/470 154/471
f 157/469 154/471 153/472
f 155/473 159/474 157/475
f 155/473 157/475 153/476
f 160/477 156/478 154/479
f 160/477 154/479 158/480
f 161/481 162/482 164/483
f 161/481 164/483 163/484
f 163/485 164/486 168/487
f 163/485 168/487 167/488
f 167/489 168/490 166/491
f 167/489 166/491 165/492
f 165/493 166/494 162/495
f 165/493 162/495 161/496
f 163/497 167/498 165/499
f 163/497 165/499 161/500
f 168/501 164/502 162/503
f 168/501 162/503 166/504
f 169/505 170/506 172/507
f 169/505 172/507 171/508
f 171/509 172/510 176/511
f 171/509 176/511 175/512
f 175/513 176/514 174/515
f 175/513 174/515 173/516
f 173/517 174/518 170/519
f 173/517 170/519 169/520
f 171/521 175/522 173/523
f 171/521 173/523 169/524
f 176/525 172/526 170/527
f 176/525 170/527 174/528
f 177/529 178/530 180/531
f 177/529 180/531 179/532
f 179/533 180/534 184/535
f 179/533 184/535 183/536
f 183/537 184/538 182/539
f 183/537 182/539 181/540
f 181/541 182/542 178/543
f 181/541 178/543 177/544
f 179/545 183/546 181/547
f 179/545 181/547 177/548
f 184/549 180/550 178/551
f 184/549 178/551 182/552
f 185/553 186/554 188/555
f 185/553 188/555 187/556
f 187/557 188/558 192/559
f 187/557 192/559 191/560
f 191/561 192/562 190/563
f 191/561 190/563 189/564
f 189/565 190/566 186/567
f 189/565 186/567 185/568
f 187/569 191/570 189/571
f 187/569 189/571 185/572
f 192/573 188/574 186/575
f 192/573 186/575 190/576
f 193/577 194/578 196/579
f 193/577 196/579 195/580
f 195/581 196/582 200/583
f 195/581 200/583 199/584
f 199/585 200/586 198/587
f 199/585 198/587 197/588
f 197/589 198/590 194/591
f 197/589 194/591 193/592
f 195/593 199/594 197/595
f 195/593 197/595 193/596
f 200/597 196/598 194/599
f 200/597 194/599 198/600
f 201/601 202/602 204/603
f 201/601 204/603 203/604
f 203/605 204/606 208/607
f 203/605 208/607 207/608
f 207/609 208/610 206/611
f 207/609 206/611 205/612
f 205/613 206/614 202/615
f 205/613 202/615 201/616
f 203/617 207/618 205/619
f 203/617 205/619 201/620
f 208/621 204/622 202/623
f 208/621 202/623 206/624
f 209/625 210/626 212/627
f 209/625 212/627 211/628
f 211/629 212/630 216/631
f 211/629 216/631 215/632
f 215/633 216/634 214/635
f 215/633 214/635 213/636
f 213/637 214/638 210/639
f 213/637 210/639 209/640
f 211/641 215/642 213/643
f 211/641 213/643 209/644
f 216/645 212/646 210/647
f 216/645 210/647 214/648
f 217/649 218/650 220/651
f 217/649 220/651 219/652
f 219/653 220/654 224/655
f 219/653 224/655 223/656
f 223/657 224/658 222/659
f 223/657 222/659 221/660
f 221/661 222/662 218/663
f 221/661 218/663 217/664
f 219/665 223/666 221/667
f 219/665 221/667 217/668
f 224/669 220/670 218/671
f 224/669 218/671 222/672
f 225/673 226/674 228/675
f 225/673 228/675 227/676
f 227/677 228/678 232/679
f 227/677 232/679 231/680
f 231/681 232/682 230/683
f 231/681 230/683 229/684
f 229/685 230/686 226/687
f 229/685 226/687 225/688
f 227/689 231/690 229/691
f 227/689 229/691 225/692
f 232/693 228/694 226/695
f 232/693 226/695 230/696
f 233/697 234/698 236/699
f 233/697 236/699 235/700
f 235/701 236/702 240/703
f 235/701 240/703 239/704
f 239/705 240/706 238/707
f 239/705 238/707 237/708
f 237/709 238/710 234/711
f 237/709 234/711 233/712
f 235/713 239/714 237/715
f 235/713 237/715 233/716
f 240/717 236/718 234/719
f 240/717 234/719 238/720
f 241/721 242/722 244/723
f 241/721 244/723 243/724
f 243/725 244/726 248/727
f 243/725 248/727 247/728
f 247/729 248/730 246/731
f 247/729 246/731 245/732
f 245/733 246/734 242/735
f 245/733 242/735 241/736
f 243/737 247/738 245/739
f 243/737 245/739 241/740
f 248/741 244/742 242/743
f 248/741 242/743 246/744
f 249/745 250/746 252/747
f 249/745 252/747 251/748
f 251/749 252/750 256/751
f 251/749 256/751 255/752
f 255/753 256/754 254/755
f 255/753 254/755 253/756
f 253/757 254/758 250/759
f 253/757 250/759 249/760
f 251/761 255/762 253/763
f 251/761 253/763 249/764
f 256/765 252/766 250/767
f 256/765 250/767 254/768
f 257/769 258/770 260/771
f 257/769 260/771 259/772
f 259/773 260/774 264/775
f 259/773 264/775 263/776
f 263/777 264/778 262/779
f 263/777 262/779 261/780
f 261/781 262/782 258/783
f 261/781 258/783 257/784
f 259/785 263/786 261/787
f 259/785 261/787 257/788
f 264/789 260/790 258/791
f 264/789 258/791 262/792
f 265/793 266/794 268/795
f 265/793 268/795 267/796
f 267/797 268/798 272/799
f 267/797 272/799 271/800
f 271/801 272/802 270/803
f 271/801 270/803 269/804
f 269/805 270/806 266/807
f 269/805 266/807 265/808
f 267/809 271/810 269/811
f 267/809 269/811 265/812
f 272/813 268/814 266/815
f 272/813 266/815 270/816
f 273/817 274/818 276/819
f 273/817 276/819 275/820
f 275/821 276/822 280/823
f 275/821 280/823 279/824
f 279/825 280/826 278/827
f 279/825 278/827 277/828
f 277/829 278/830 274/831
f 277/829 274/831 273/832
f 275/833 279/834 277/835
f 275/833 277/835 273/836
f 280/837 276/838 274/839
f 280/837 274/839 278/840
f 281/841 282/842 284/843
f 281/841 284/843 283/844
f 283/845 284/846 288/847
f 283/845 288/847 287/848
f 287/849 288/850 286/851
f 287/849 286/851 285/852
f 285/853 286/854 282/855
f 285/853 282/855 281/856
f 283/857 287/858 285/859
f 283/857 285/859 281/860
f 288/861 284/862 282/863
f 288/861 282/863 286/864
f 289/865 290/866 292/867
f 289/865 292/867 291/868
f 291/869 292/870 296/871
f 291/869 296/871 295/872
f 295/873 296/874 294/875
f 295/873 294/875 293/876
f 293/877 294/878 290/879
f 293/877 290/879 289/880
f 291/881 295/882 293/883
f 291/881 293/883 289/884
f 296/885 292/886 290/887
f 296/885 290/887 294/888
f 297/889 298/890 300/891
f 297/889 300/891 299/892
f 299/893 300/894 304/895
f 299/893 304/895 303/896
f 303/897 304/898 302/899
f 303/897 302/899 301/900
f 301/901 302/902 298/903
f 301/901 298/903 297/904
f 299/905 303/906 301/907
f 299/905 301/907 297/908
f 304/909 300/910 298/911
f 304/909 298/911 302/912
f 305/913 306/914 308/915
f 305/913 308/915 307/916
f 307/917 308/918 312/919
f 307/917 312/919 311/920
f 311/921 312/922 310/923
f 311/921 310/923 309/924
f 309/925 310/926 306/927
f 309/925 306/927 305/928
f 307/929 311/930 309/931
f 307/929 309/931 305/932
f 312/933 308/934 306/935
f 312/933 306/935 310/936
f 313/937 314/938 316/939
f 313/937 316/939 315/940
f 315/941 316/942 320/943
f 315/941 320/943 319/944
f 319/945 320/946 318/947
f 319/945 318/947 317/948
f 317/949 318/950 314/951
f 317/949 314/951 313/952
f 315/953 319/954 317/955
f 315/953 317/955 313/956
f 320/957 316/958 314/959
f 320/957 314/959 318/960
f 321/961 322/962 324/963
f 321/961 324/963 323/964
f 323/965 324/966 328/967
f 323/965 328/967 327/968
f 327/969 328/970 326/971
f 327/969 326/971 325/972
f 325/973 326/974 322/975
f 325/973 322/975 321/976
f 323/977 327/978 325/979
f 323/977 325/979 321/980
f 328/981 324/982 322/983
f 328/981 322/983 326/984
f 329/985 330/986 332/987
f 329/985 332/987 331/988
f 331/989 332/990 336/991
f 331/989 336/991 335/992
f 335/993 336/994 334/995
f 335/993 334/995 333/996
f 333/997 334/998 330/999
f 333/997 330/999 329/1000
f 331/1001 335/1002 333/1003
f 331/1001 333/1003 329/1004
f 336/1005 332/1006 330/1007
f 336/1005 330/1007 334/1008
f 337/1009 338/1010 340/1011
f 337/1009 340/1011 339/1012
f 339/1013 340/1014 344/1015
f 339/1013 344/1015 343/1016
f 343/1017 344/1018 342/1019
f 343/1017 342/1019 341/1020
f 341/1021 342/1022 338/1023
f 341/1021 338/1023 337/1024
f 339/1025 343/1026 341/1027
f 339/1025 341/1027 337/1028
f 344/1029 340/1030 338/1031
f 344/1029 338/1031 342/1032
f 345/1033 346/1034 348/1035
f 345/1033 348/1035 347/1036
f 347/1037 348/1038 352/1039
f 347/1037 352/1039 351/1040
f 351/1041 352/1042 350/1043
f 351/1041 350/1043 349/1044
f 349/1045 350/1046 346/1047
f 349/1045 346/1047 345/1048
f 347/1049 351/1050 349/1051
f 347/1049 349/1051 345/1052
f 352/1053 348/1054 346/1055
f 352/1053 346/1055 350/1056
f 353/1057 354/1058 356/1059
f 353/1057 356/1059 355/1060
f 355/1061 356/1062 360/1063
f 355/1061 360/1063 359/1064
f 359/1065 360/1066 358/1067
f 359/1065 358/1067 357/1068
f 357/1069 358/1070 354/1071
f 357/1069 354/1071 353/1072
f 355/1073 359/1074 357/1075
f 355/1073 357/1075 353/1076
f 360/1077 356/1078 354/1079
f 360/1077 354/1079 358/1080
f 361/1081 362/1082 364/1083
f 361/1081 364/1083 363/1084
f 363/1085 364/1086 368/1087
f 363/1085 368/1087 367/1088
f 367/1089 368/1090 366/1091
f 367/1089 366/1091 365/1092
f 365/1093 366/1094 362/1095
f 365/1093 362/1095 361/1096
f 363/1097 367/1098 365/1099
f 363/1097 365/1099 361/1100
f 368/1101 364/1102 362/1103
f 368/1101 362/1103 366/1104
f 369/1105 370/1106 372/1107
f 369/1105 372/1107 371/1108
f 371/1109 372/1110 376/1111
f 371/1109 376/1111 375/1112
f 375/1113 376/1114 374/1115
f 375/1113 374/1115 373/1116
f 373/1117 374/1118 370/1119
f 373/1117 370/1119 369/1120
f 371/1121 375/1122 373/1123
f 371/1121 373/1123 369/1124
f 376/1125 372/1126 370/1127
f 376/1125 370/1127 374/1128
f 377/1129 378/1130 380/1131
f 377/1129 380/1131 379/1132
f 379/1133 380/1134 384/1135
f 379/1133 384/1135 383/1136
f 383/1137 384/1138 382/1139
f 383/1137 382/1139 381/1140
f 381/1141 382/1142 378/1143
f 381/1141 378/1143 377/1144
f 379/1145 383/1146 381/1147
f 379/1145 381/1147 377/1148
f 384/1149 380/1150 378/1151
f 384/1149 378/1151 382/1152
f 385/1153 386/1154 388/1155
f 385/1153 388/1155 387/1156
f 387/1157 388/1158 392/1159
f 387/1157 392/1159 391/1160
f 391/1161 392/1162 390/1163
f 391/1161 390/1163 389/1164
f 389/1165 390/1166 386/1167
f 389/1165 386/1167 385/1168
f 387/1169 391/1170 389/1171
f 387/1169 389/1171 385/1172
f 392/1173 388/1174 386/1175
f 392/1173 386/1175 390/1176
f 393/1177 394/1178 396/1179
f 393/1177 396/1179 395/1180
f 395/1181 396/1182 400/1183
f 395/1181 400/1183 399/1184
f 399/1185 400/1186 398/1187
f 399/1185 398/1187 397/1188
f 397/1189 398/1190 394/1191
f 397/1189 394/1191 393/1192
f 395/1193 399/1194 397/1195
f 395/1193 397/1195 393/1196
f 400/1197 396/1198 394/1199
f 400/1197 394/1199 398/1200
f 401/1201 402/1202 404/1203
f 401/1201 404/1203 403/1204
f 403/1205 404/1206 408/1207
f 403/1205 408/1207 407/1208
f 407/1209 408/1210 406/1211
f 407/1209 406/1211 405/1212
f 405/1213 406/1214 402/1215
f 405/1213 402/1215 401/1216
f 403/1217 407/1218 405/1219
f 403/1217 405/1219 401/1220
f 408/1221 404/1222 402/1223
f 408/1221 402/1223 406/1224
f 409/1225 410/1226 412/1227
f 409/1225 412/1227 411/1228
f 411/1229 412/1230 416/1231
f 411/1229 416/1231 415/1232
f 415/1233 416/1234 414/1235
f 415/1233 414/1235 413/1236
f 413/1237 414/1238 410/1239
f 413/1237 410/1239 409/1240
f 411/1241 415/1242 413/1243
f 411/1241 413/1243 409/1244
f 416/1245 412/1246 410/1247
f 416/1245 410/1247 414/1248
f 417/1249 418/1250 420/1251
f 417/1249 420/1251 419/1252
f 419/1253 420/1254 424/1255
f 419/1253 424/1255 423/1256
f 423/1257 424/1258 422/1259
f 423/1257 422/1259 421/1260
f 421/1261 422/1262 418/1263
f 421/1261 418/1263 417/1264
f 419/1265 423/1266 421/1267
f 419/1265 421/1267 417/1268
f 424/1269 420/1270 418/1271
f 424/1269 418/1271 422/1272
f 425/1273 426/1274 428/1275
f 425/1273 428/1275 427/1276
f 427/1277 428/1278 432/1279
f 427/1277 432/1279 431/1280
f 431/1281 432/1282 430/1283
f 431/1281 430/1283 429/1284
f 429/1285 430/1286 426/1287
f 429/1285 426/1287 425/1288
f 427/1289 431/1290 429/1291
f 427/1289 429/1291 425/1292
f 432/1293 428/1294 426/1295
f 432/1293 426/1295 430/1296
f 433/1297 434/1298 436/1299
f 433/1297 436/1299 435/1300
f 435/1301 436/1302 440/1303
f 435/1301 440/1303 439/1304
f 439/1305 440/1306 438/1307
f 439/1305 438/1307 437/1308
f 437/1309 438/1310 434/1311
f 437/1309 434/1311 433/1312
f 435/1313 439/1314 437/1315
f 435/1313 437/1315 433/1316
f 440/1317 436/1318 434/1319
f 440/1317 434/1319 438/1320
f 441/1321 442/1322 444/1323
f 441/1321 444/1323 443/1324
f 443/1325 444/1326 448/1327
f 443/1325 448/1327 447/1328
f 447/1329 448/1330 446/1331
f 447/1329 446/1331 445/1332
f 445/1333 446/1334 442/1335
f 445/1333 442/1335 441/1336
f 443/1337 447/1338 445/1339
f 443/1337 445/1339 441/1340
f 448/1341 444/1342 442/1343
f 448/1341 442/1343 446/1344
f 449/1345 450/1346 452/1347
f 449/1345 452/1347 451/1348
f 451/1349 452/1350 456/1351
f 451/1349 456/1351 455/1352
f 455/1353 456/1354 454/1355
f 455/1353 454/1355 453/1356
f 453/1357 454/1358 450/1359
f 453/1357 450/1359 449/1360
f 451/1361 455/1362 453/1363
f 451/1361 453/1363 449/1364
f 456/1365 452/1366 450/1367
f 456/1365 450/1367 454/1368
f 457/1369 458/1370 460/1371
f 457/1369 460/1371 459/1372
f 459/1373 460/1374 464/1375
f 459/1373 464/1375 463/1376
f 463/1377 464/1378 462/1379
f 463/1377 462/1379 461/1380
f 461/1381 462/1382 458/1383
f 461/1381 458/1383 457/1384
f 459/1385 463/1386 461/1387
f 459/1385 461/1387 457/1388
f 464/1389 460/1390 458/1391
f 464/1389 458/1391 462/1392
f 465/1393 466/1394 468/1395
f 465/1393 468/1395 467/1396
f 467/1397 468/1398 472/1399
f 467/1397 472/1399 471/1400
f 471/1401 472/1402 470/1403
f 471/1401 470/1403 469/1404
f 469/1405 470/1406 466/1407
f 469/1405 466/1407 465/1408
f 467/1409 471/1410 469/1411
f 467/1409 469/1411 465/1412
f 472/1413 468/1414 466/1415
f 472/1413 466/1415 470/1416
f 473/1417 474/1418 476/1419
f 473/1417 476/1419 475/1420
f 475/1421 476/1422 480/1423
f 475/1421 480/1423 479/1424
f 479/1425 480/1426 478/1427
f 479/1425 478/1427 477/1428
f 477/1429 478/1430 474/1431
f 477/1429 474/1431 473/1432
f 475/1433 479/1434 477/1435
f 475/1433 477/1435 473/1436
f 480/1437 476/1438 474/1439
f 480/1437 474/1439 478/1440
f 481/1441 482/1442 484/1443
f 481/1441 484/1443 483/1444
f 483/1445 484/1446 488/1447
f 483/1445 488/1447 487/1448
f 487/1449 488/1450 486/1451
f 487/1449 486/1451 485/1452
f 485/1453 486/1454 482/1455
f 485/1453 482/1455 481/1456
f 483/1457 487/1458 485/1459
f 483/1457 485/1459 481/1460
f 488/1461 484/1462 482/1463
f 488/1461 482/1463 486/1464
f 489/1465 490/1466 492/1467
f 489/1465 492/1467 491/1468
f 491/1469 492/1470 496/1471
f 491/1469 496/1471 495/1472
f 495/1473 496/1474 494/1475
f 495/1473 494/1475 493/1476
f 493/1477 494/1478 490/1479
f 493/1477 490/1479 489/1480
f 491/1481 495/1482 493/1483
f 491/1481 493/1483 489/1484
f 496/1485 492/1486 490/1487
f 496/1485 490/1487 494/1488
f 497/1489 498/1490 500/1491
f 497/1489 500/1491 499/1492
f 499/1493 500/1494 504/1495
f 499/1493 504/1495 503/1496
f 503/1497 504/1498 502/1499
f 503/1497 502/1499 501/1500
f 501/1501 502/1502 498/1503
f 501/1501 498/1503 497/1504
f 499/1505 503/1506 501/1507
f 499/1505 501/1507 497/1508
f 504/1509 500/1510 498/1511
f 504/1509 498/1511 502/1512
f 505/1513 506/1514 508/1515
f 505/1513 508/1515 507/1516
f 507/1517 508/1518 512/1519
f 507/1517 512/1519 511/1520
f 511/1521 512/1522 510/1523
f 511/1521 510/1523 509/1524
f 509/1525 510/1526 506/1527
f 509/1525 506/1527 505/1528
f 507/1529 511/1530 509/1531
f 507/1529 509/1531 505/1532
f 512/1533 508/1534 506/1535
f 512/1533 506/1535 510/1536
f 513/1537 514/1538 516/1539
f 513/1537 516/1539 515/1540
f 515/1541 516/1542 520/1543
f 515/1541 520/1543 519/1544
f 519/1545 520/1546 518/1547
f 519/1545 518/1547 517/1548
f 517/1549 518/1550 514/1551
f 517/1549 514/1551 513/1552
f 515/1553 519/1554 517/1555
f 515/1553 517/1555 513/1556
f 520/1557 516/1558 514/1559
f 520/1557 514/1559 518/1560
f 521/1561 522/1562 524/1563
f 521/1561 524/1563 523/1564
f 523/1565 524/1566 528/1567
f 523/1565 528/1567 527/1568
f 527/1569 528/1570 526/1571
f 527/1569 526/1571 525/1572
f 525/1573 526/1574 522/1575
f 525/1573 522/1575 521/1576
f 523/1577 527/1578 525/1579
f 523/1577 525/1579 521/1580
f 528/1581 524/1582 522/1583
f 528/1581 522/1583 526/1584
f 529/1585 530/1586 532/1587
f 529/1585 532/1587 531/1588
f 531/1589 532/1590 536/1591
f 531/1589 536/1591 535/1592
f 535/1593 536/1594 534/1595
f 535/1593 534/1595 533/1596
f 533/1597 534/1598 530/1599
f 533/1597 530/1599 529/1600
f 531/1601 535/1602 533/1603
f 531/1601 533/1603 529/1604
f 536/1605 532/1606 530/1607
f 536/1605 530/1607 534/1608
f 537/1609 538/1610 540/1611
f 537/1609 540/1611 539/1612
f 539/1613 540/1614 544/1615
f 539/1613 544/1615 543/1616
f 543/1617 544/1618 542/1619
f 543/1617 542/1619 541/1620
f 541/1621 542/1622 538/1623
f 541/1621 538/1623 537/1624
f 539/1625 543/1626 541/1627
f 539/1625 541/1627 537/1628
f 544/1629 540/1630 538/1631
f 544/1629 538/1631 542/1632
f 545/1633 546/1634 548/1635
f 545/1633 548/1635 547/1636
f 547/1637 548/1638 552/1639
f 547/1637 552/1639 551/1640
f 551/1641 552/1642 550/1643
f 551/1641 550/1643 549/1644
f 549/1645 550/1646 546/1647
f 549/1645 546/1647 545/1648
f 547/1649 551/1650 549/1651
f 547/1649 549/1651 545/1652
f 552/1653 548/1654 546/1655
f 552/1653 546/1655 550/1656
f 553/1657 554/1658 556/1659
f 553/1657 556/1659 555/1660
f 555/1661 556/1662 560/1663
f 555/1661 560/1663 559/1664
f 559/1665 560/1666 558/1667
f 559/1665 558/1667 557/1668
f 557/1669 558/1670 554/1671
f 557/1669 554/1671 553/1672
f 555/1673 559/1674 557/1675
f 555/1673 557/1675 553/1676
f 560/1677 556/1678 554/1679
f 560/1677 554/1679 558/1680
f 561/1681 562/1682 564/1683
f 561/1681 564/1683 563/1684
f 563/1685 564/1686 568/1687
f 563/1685 568/1687 567/1688
f 567/1689 568/1690 566/1691
f 567/1689 566/1691 565/1692
f 565/1693 566/1694 562/1695
f 565/1693 562/1695 561/1696
f 563/1697 567/1698 565/1699
f 563/1697 565/1699 561/1700
f 568/1701 564/1702 562/1703
f 568/1701 562/1703 566/1704
f 569/1705 570/1706 572/1707
f 569/1705 572/1707 571/1708
f 571/1709 572/1710 576/1711
f 571/1709 576/1711 575/1712
f 575/1713 576/1714 574/1715
f 575/1713 574/1715 573/1716
f 573/1717 574/1718 570/1719
f 573/1717 570/1719 569/1720
f 571/1721 575/1722 573/1723
f 571/1721 573/1723 569/1724
f 576/1725 572/1726 570/1727
f 576/1725 570/1727 574/1728
f 577/1729 578/1730 580/1731
f 577/1729 580/1731 579/1732
f 579/1733 580/1734 584/1735
f 579/1733 584/1735 583/1736
f 583/1737 584/1738 582/1739
f 583/1737 582/1739 581/1740
f 581/1741 582/1742 578/1743
f 581/1741 578/1743 577/1744
f 579/1745 583/1746 581/1747
f 579/1745 581/1747 577/1748
f 584/1749 580/1750 578/1751
f 584/1749 578/1751 582/1752
f 585/1753 586/1754 588/1755
f 585/1753 588/1755 587/1756
f 587/1757 588/1758 592/1759
f 587/1757 592/1759 591/1760
f 591/1761 592/1762 590/1763
f 591/1761 590/1763 589/1764
f 589/1765 590/1766 586/1767
f 589/1765 586/1767 585/1768
f 587/1769 591/1770 589/1771
f 587/1769 589/1771 585/1772
f 592/1773 588/1774 586/1775
f 592/1773 586/1775 590/1776
f 593/1777 594/1778 596/1779
f 593/1777 596/1779 595/1780
f 595/1781 596/1782 600/1783
f 595/1781 600/1783 599/1784
f 599/1785 600/1786 598/1787
f 599/1785 598/1787 597/1788
f 597/1789 598/1790 594/1791
f 597/1789 594/1791 593/1792
f 595/1793 599/1794 597/1795
f 595/1793 597/1795 593/1796
f 600/1797 596/1798 594/1799
f 600/1797 594/1799 598/1800
f 601/1801 602/1802 604/1803
f 601/1801 604/1803 603/1804
f 603/1805 604/1806 608/1807
f 603/1805 608/1807 607/1808
f 607/1809 608/1810 606/1811
f 607/1809 606/1811 605/1812
f 605/1813 606/1814 602/1815
f 605/1813 602/1815 601/1816
f 603/1817 607/1818 605/1819
f 603/1817 605/1819 601/1820
f 608/1821 604/1822 602/1823
f 608/1821 602/1823 606/1824
f 609/1825 610/1826 612/1827
f 609/1825 612/1827 611/1828
f 611/1829 612/1830 616/1831
f 611/1829 616/1831 615/1832
f 615/1833 616/1834 614/1835
f 615/1833 614/1835 613/1836
f 613/1837 614/1838 610/1839
f 613/1837 610/1839 609/1840
f 611/1841 615/1842 613/1843
f 611/1841 613/1843 609/1844
f 616/1845 612/1846 610/1847
f 616/1845 610/1847 614/1848
f 617/1849 618/1850 620/1851
f 617/1849 620/1851 619/1852
f 619/1853 620/1854 624/1855
f 619/1853 624/1855 623/1856
f 623/1857 624/1858 622/1859
f 623/1857 622/1859 621/1860
f 621/1861 622/1862 618/1863
f 621/1861 618/1863 617/1864
f 619/1865 623/1866 621/1867
f 619/1865 621/1867 617/1868
f 624/1869 620/1870 618/1871
f 624/1869 618/1871 622/1872
f 625/1873 626/1874 628/1875
f 625/1873 628/1875 627/1876
f 627/1877 628/1878 632/1879
f 627/1877 632/1879 631/1880
f 631/1881 632/1882 630/1883
f 631/1881 630/1883 629/1884
f 629/1885 630/1886 626/1887
f 629/1885 626/1887 625/1888
f 627/1889 631/1890 629/1891
f 627/1889 629/1891 625/1892
f 632/1893 628/1894 626/1895
f 632/1893 626/1895 630/1896
f 633/1897 634/1898 636/1899
f 633/1897 636/1899 635/1900
f 635/1901 636/1902 640/1903
f 635/1901 640/1903 639/1904
f 639/1905 640/1906 638/1907
f 639/1905 638/1907 637/1908
f 637/1909 638/1910 634/1911
f 637/1909 634/1911 633/1912
f 635/1913 639/1914 637/1915
f 635/1913 637/1915 633/1916
f 640/1917 636/1918 634/1919
f 640/1917 634/1919 638/1920
f 641/1921 642/1922 644/1923
f 641/1921 644/1923 643/1924
f 643/1925 644/1926 648/1927
f 643/1925 648/1927 647/1928
f 647/1929 648/1930 646/1931
f 647/1929 646/1931 645/1932
f 645/1933 646/1934 642/1935
f 645/1933 642/1935 641/1936
f 643/1937 647/1938 645/1939
f 643/1937 645/1939 641/1940
f 648/1941 644/1942 642/1943
f 648/1941 642/1943 646/1944
f 649/1945 650/1946 652/1947
f 649/1945 652/1947 651/1948
f 651/1949 652/1950 656/1951
f 651/1949 656/1951 655/1952
f 655/1953 656/1954 654/1955
f 655/1953 654/1955 653/1956
f 653/1957 654/1958 650/1959
f 653/1957 650/1959 649/1960
f 651/1961 655/1962 653/1963
f 651/1961 653/1963 649/1964
f 656/1965 652/1966 650/1967
f 656/1965 650/1967 654/1968
f 657/1969 658/1970 660/1971
f 657/1969 660/1971 659/1972
f 659/1973 660/1974 664/1975
f 659/1973 664/1975 663/1976
f 663/1977 664/1978 662/1979
f 663/1977 662/1979 661/1980
f 661/1981 662/1982 658/1983
f 661/1981 658/1983 657/1984
f 659/1985 663/1986 661/1987
f 659/1985 661/1987 657/1988
f 664/1989 660/1990 658/1991
f 664/1989 658/1991 662/1992
f 665/1993 666/1994 668/1995
f 665/1993 668/1995 667/1996
f 667/1997 668/1998 672/1999
f 667/1997 672/1999 671/2000
f 671/2001 672/2002 670/2003
f 671/2001 670/2003 669/2004
f 669/2005 670/2006 666/2007
f 669/2005 666/2007 665/2008
f 667/2009 671/2010 669/2011
f 667/2009 669/2011 665/2012
f 672/2013 668/2014 666/2015
f 672/2013 666/2015 670/2016
f 673/2017 674/2018 676/2019
f 673/2017 676/2019 675/2020
f 675/2021 676/2022 680/2023
f 675/2021 680/2023 679/2024
f 679/2025 680/2026 678/2027
f 679/2025 678/2027 677/2028
f 677/2029 678/2030 674/2031
f 677/2029 674/2031 673/2032
f 675/2033 679/2034 677/2035
f 675/2033 677/2035 673/2036
f 680/2037 676/2038 674/2039
f 680/2037 674/2039 678/2040
f 681/2041 682/2042 684/2043
f 681/2041 684/2043 683/2044
f 683/2045 684/2046 688/2047
f 683/2045 688/2047 687/2048
f 687/2049 688/2050 686/2051
f 687/2049 686/2051 685/2052
f 685/2053 686/2054 682/2055
f 685/2053 682/2055 681/2056
f 683/2057 687/2058 685/2059
f 683/2057 685/2059 681/2060
f 688/2061 684/2062 682/2063
f 688/2061 682/2063 686/2064
f 689/2065 690/2066 692/2067
f 689/2065 692/2067 691/2068
f 691/2069 692/2070 696/2071
f 691/2069 696/2071 695/2072
f 695/2073 696/2074 694/2075
f 695/2073 694/2075 693/2076
f 693/2077 694/2078 690/2079
f 693/2077 690/2079 689/2080
f 691/2081 695/2082 693/2083
f 691/2081 693/2083 689/2084
f 696/2085 692/2086 690/2087
f 696/2085 690/2087 694/2088
f 697/2089 698/2090 700/2091
f 697/2089 700/2091 699/2092
f 699/2093 700/2094 704/2095
f 699/2093 704/2095 703/2096
f 703/2097 704/2098 702/2099
f 703/2097 702/2099 701/2100
f 701/2101 702/2102 698/2103
f 701/2101 698/2103 697/2104
f 699/2105 703/2106 701/2107
f 699/2105 701/2107 697/2108
f 704/2109 700/2110 698/2111
f 704/2109 698/2111 702/2112
f 705/2113 706/2114 708/2115
f 705/2113 708/2115 707/2116
f 707/2117 708/2118 712/2119
f 707/2117 712/2119 711/2120
f 711/2121 712/2122 710/2123
f 711/2121 710/2123 709/2124
f 709/2125 710/2126 706/2127
f 709/2125 706/2127 705/2128
f 707/2129 711/2130 709/2131
f 707/2129 709/2131 705/2132
f 712/2133 708/2134 706/2135
f 712/2133 706/2135 710/2136
f 713/2137 714/2138 716/2139
f 713/2137 716/2139 715/2140
f 715/2141 716/2142 720/2143
f 715/2141 720/2143 719/2144
f 719/2145 720/2146 718/2147
f 719/2145 718/2147 717/2148
f 717/2149 718/2150 714/2151
f 717/2149 714/2151 713/2152
f 715/2153 719/2154 717/2155
f 715/2153 717/2155 713/2156
f 720/2157 716/2158 714/2159
f 720/2157 714/2159 718/2160
f 721/2161 722/2162 724/2163
f 721/2161 724/2163 723/2164
f 723/2165 724/2166 728/2167
f 723/2165 728/2167 727/2168
f 727/2169 728/2170 726/2171
f 727/2169 726/2171 725/2172
f 725/2173 726/2174 722/2175
f 725/2173 722/2175 721/2176
f 723/2177 727/2178 725/2179
f 723/2177 725/2179 721/2180
f 728/2181 724/2182 722/2183
f 728/2181 722/2183 726/2184
f 729/2185 730/2186 732/2187
f 729/2185 732/2187 731/2188
f 731/2189 732/2190 736/2191
f 731/2189 736/2191 735/2192
f 735/2193 736/2194 734/2195
f 735/2193 734/2195 733/2196
f 733/2197 734/2198 730/2199
f 733/2197 730/2199 729/2200
f 731/2201 735/2202 733/2203
f 731/2201 733/2203 729/2204
f 736/2205 732/2206 730/2207
f 736/2205 730/2207 734/2208
f 737/2209 738/2210 740/2211
f 737/2209 740/2211 739/2212
f 739/2213 740/2214 744/2215
f 739/2213 744/2215 743/2216
f 743/2217 744/2218 742/2219
f 743/2217 742/2219 741/2220
f 741/2221 742/2222 738/2223
f 741/2221 738/2223 737/2224
f 739/2225 743/2226 741/2227
f 739/2225 741/2227 737/2228
f 744/2229 740/2230 738/2231
f 744/2229 738/2231 742/2232
f 745/2233 746/2234 748/2235
f 745/2233 748/2235 747/2236
f 747/2237 748/2238 752/2239
f 747/2237 752/2239 751/2240
f 751/2241 752/2242 750/2243
f 751/2241 750/2243 749/2244
f 749/2245 750/2246 746/2247
f 749/2245 746/2247 745/2248
f 747/2249 751/2250 749/2251
f 747/2249 749/2251 745/2252
f 752/2253 748/2254 746/2255
f 752/2253 746/2255 750/2256
f 753/2257 754/2258 756/2259
f 753/2257 756/2259 755/2260
f 755/2261 756/2262 760/2263
f 755/2261 760/2263 759/2264
f 759/2265 760/2266 758/2267
f 759/2265 758/2267 757/2268
f 757/2269 758/2270 754/2271
f 757/2269 754/2271 753/2272
f 755/2273 759/2274 757/2275
f 755/2273 757/2275 753/2276
f 760/2277 756/2278 754/2279
f 760/2277 754/2279 758/2280
f 761/2281 762/2282 764/2283
f 761/2281 764/2283 763/2284
f 763/2285 764/2286 768/2287
f 763/2285 768/2287 767/2288
f 767/2289 768/2290 766/2291
f 767/2289 766/2291 765/2292
f 765/2293 766/2294 762/2295
f 765/2293 762/2295 761/2296
f 763/2297 767/2298 765/2299
f 763/2297 765/2299 761/2300
f 768/2301 764/2302 762/2303
f 768/2301 762/2303 766/2304
f 769/2305 770/2306 772/2307
f 769/2305 772/2307 771/2308
f 771/2309 772/2310 776/2311
f 771/2309 776/2311 775/2312
f 775/2313 776/2314 774/2315
f 775/2313 774/2315 773/2316
f 773/2317 774/2318 770/2319
f 773/2317 770/2319 769/2320
f 771/2321 775/2322 773/2323
f 771/2321 773/2323 769/2324
f 776/2325 772/2326 770/2327
f 776/2325 770/2327 774/2328
f 777/2329 778/2330 780/2331
f 777/2329 780/2331 779/2332
f 779/2333 780/2334 784/2335
f 779/2333 784/2335 783/2336
f 783/2337 784/2338 782/2339
f 783/2337 782/2339 781/2340
f 781/2341 782/2342 778/2343
f 781/2341 778/2343 777/2344
f 779/2345 783/2346 781/2347
f 779/2345 781/2347 777/2348
f 784/2349 780/2350 778/2351
f 784/2349 778/2351 782/2352
f 785/2353 786/2354 788/2355
f 785/2353 788/2355 787/2356
f 787/2357 788/2358 792/2359
f 787/2357 792/2359 791/2360
f 791/2361 792/2362 790/2363
f 791/2361 790/2363 789/2364
f 789/2365 790/2366 786/2367
f 789/2365 786/2367 785/2368
f 787/2369 791/2370 789/2371
f 787/2369 789/2371 785/2372
f 792/2373 788/2374 786/2375
f 792/2373 786/2375 790/2376
f 793/2377 794/2378 796/2379
f 793/2377 796/2379 795/2380
f 795/2381 796/2382 800/2383
f 795/2381 800/2383 799/2384
f 799/2385 800/2386 798/2387
f 799/2385 798/2387 797/2388
f 797/2389 798/2390 794/2391
f 797/2389 794/2391 793/2392
f 795/2393 799/2394 797/2395
f 795/2393 797/2395 793/2396
f 800/2397 796/2398 794/2399
f 800/2397 794/2399 798/2400
f 801/2401 802/2402 804/2403
f 801/2401 804/2403 803/2404
f 803/2405 804/2406 808/2407
f 803/2405 808/2407 807/2408
f 807/2409 808/2410 806/2411
f 807/2409 806/2411 805/2412
f 805/2413 806/2414 802/2415
f 805/2413 802/2415 801/2416
f 803/2417 807/2418 805/2419
f 803/2417 805/2419 801/2420
f 808/2421 804/2422 802/2423
f 808/2421 802/2423 806/2424
f 809/2425 810/2426 812/2427
f 809/2425 812/2427 811/2428
f 811/2429 812/2430 816/2431
f 811/2429 816/2431 815/2432
f 815/2433 816/2434 814/2435
f 815/2433 814/2435 813/2436
f 813/2437 814/2438 810/2439
f 813/2437 810/2439 809/2440
f 811/2441 815/2442 813/2443
f 811/2441 813/2443 809/2444
f 816/2445 812/2446 810/2447
f 816/2445 810/2447 814/2448
f 817/2449 818/2450 820/2451
f 817/2449 820/2451 819/2452
f 819/2453 820/2454 824/2455
f 819/2453 824/2455 823/2456
f 823/2457 824/2458 822/2459
f 823/2457 822/2459 821/2460
f 821/2461 822/2462 818/2463
f 821/2461 818/2463 817/2464
f 819/2465 823/2466 821/2467
f 819/2465 821/2467 817/2468
f 824/2469 820/2470 818/2471
f 824/2469 818/2471 822/2472
f 825/2473 826/2474 828/2475
f 825/2473 828/2475 827/2476
f 827/2477 828/2478 832/2479
f 827/2477 832/2479 831/2480
f 831/2481 832/2482 830/2483
f 831/2481 830/2483 829/2484
f 829/2485 830/2486 826/2487
f 829/2485 826/2487 825/2488
f 827/2489 831/2490 829/2491
f 827/2489 829/2491 825/2492
f 832/2493 828/2494 826/2495
f 832/2493 826/2495 830/2496
f 833/2497 834/2498 836/2499
f 833/2497 836/2499 835/2500
f 835/2501 836/2502 840/2503
f 835/2501 840/2503 839/2504
f 839/2505 840/2506 838/2507
f 839/2505 838/2507 837/2508
f 837/2509 838/2510 834/2511
f 837/2509 834/2511 833/2512
f 835/2513 839/2514 837/2515
f 835/2513 837/2515 833/2516
f 840/2517 836/2518 834/2519
f 840/2517 834/2519 838/2520
f 841/2521 842/2522 844/2523
f 841/2521 844/2523 843/2524
f 843/2525 844/2526 848/2527
f 843/2525 848/2527 847/2528
f 847/2529 848/2530 846/2531
f 847/2529 846/2531 845/2532
f 845/2533 846/2534 842/2535
f 845/2533 842/2535 841/2536
f 843/2537 847/2538 845/2539
f 843/2537 845/2539 841/2540
f 848/2541 844/2542 842/2543
f 848/2541 842/2543 846/2544
f 849/2545 850/2546 852/2547
f 849/2545 852/2547 851/2548
f 851/2549 852/2550 856/2551
f 851/2549 856/2551 855/2552
f 855/2553 856/2554 854/2555
f 855/2553 854/2555 853/2556
f 853/2557 854/2558 850/2559
f 853/2557 850/2559 849/2560
f 851/2561 855/2562 853/2563
f 851/2561 853/2563 849/2564
f 856/2565 852/2566 850/2567
f 856/2565 850/2567 854/2568
f 857/2569 858/2570 860/2571
f 857/2569 860/2571 859/2572
f 859/2573 860/2574 864/2575
f 859/2573 864/2575 863/2576
f 863/2577 864/2578 862/2579
f 863/2577 862/2579 861/2580
f 861/2581 862/2582 858/2583
f 861/2581 858/2583 857/2584
f 859/2585 863/2586 861/2587
f 859/2585 861/2587 857/2588
f 864/2589 860/2590 858/2591
f 864/2589 858/2591 862/2592
f 865/2593 866/2594 868/2595
f 865/2593 868/2595 867/2596
f 867/2597 868/2598 872/2599
f 867/2597 872/2599 871/2600
f 871/2601 872/2602 870/2603
f 871/2601 870/2603 869/2604
f 869/2605 870/2606 866/2607
f 869/2605 866/2607 865/2608
f 867/2609 871/2610 869/2611
f 867/2609 869/2611 865/2612
f 872/2613 868/2614 866/2615
f 872/2613 866/2615 870/2616
f 873/2617 874/2618 876/2619
f 873/2617 876/2619 875/2620
f 875/2621 876/2622 880/2623
f 875/2621 880/2623 879/2624
f 879/2625 880/2626 878/2627
f 879/2625 878/2627 877/2628
f 877/2629 878/2630 874/2631
f 877/2629 874/2631 873/2632
f 875/2633 879/2634 877/2635
f 875/2633 877/2635 873/2636
f 880/2637 876/2638 874/2639
f 880/2637 874/2639 878/2640
f 881/2641 882/2642 884/2643
f 881/2641 884/2643 883/2644
f 883/2645 884/2646 888/2647
f 883/2645 888/2647 887/2648
f 887/2649 888/2650 886/2651
f 887/2649 886/2651 885/2652
f 885/2653 886/2654 882/2655
f 885/2653 882/2655 881/2656
f 883/2657 887/2658 885/2659
f 883/2657 885/2659 881/2660
f 888/2661 884/2662 882/2663
f 888/2661 882/2663 886/2664
f 889/2665 890/2666 892/2667
f 889/2665 892/2667 891/2668
f 891/2669 892/2670 896/2671
f 891/2669 896/2671 895/2672
f 895/2673 896/2674 894/2675
f 895/2673 894/2675 893/2676
f 893/2677 894/2678 890/2679
f 893/2677 890/2679 889/2680
f 891/2681 895/2682 893/2683
f 891/2681 893/2683 889/2684
f 896/2685 892/2686 890/2687
f 896/2685 890/2687 894/2688
f 897/2689 898/2690 900/2691
f 897/2689 900/2691 899/2692
f 899/2693 900/2694 904/2695
f 899/2693 904/2695 903/2696
f 903/2697 904/2698 902/2699
f 903/2697 902/2699 901/2700
f 901/2701 902/2702 898/2703
f 901/2701 898/2703 897/2704
f 899/2705 903/2706 901/2707
f 899/2705 901/2707 897/2708
f 904/2709 900/2710 898/2711
f 904/2709 898/2711 902/2712
f 905/2713 906/2714 908/2715
f 905/2713 908/2715 907/2716
f 907/2717 908/2718 912/2719
f 907/2717 912/2719 911/2720
f 911/2721 912/2722 910/2723
f 911/2721 910/2723 909/2724
f 909/2725 910/2726 906/2727
f 909/2725 906/2727 905/2728
f 907/2729 911/2730 909/2731
f 907/2729 909/2731 905/2732
f 912/2733 908/2734 906/2735
f 912/2733 906/2735 910/2736
f 913/2737 914/2738 916/2739
f 913/2737 916/2739 915/2740
f 915/2741 916/2742 920/2743
f 915/2741 920/2743 919/2744
f 919/2745 920/2746 918/2747
f 919/2745 918/2747 917/2748
f 917/2749 918/2750 914/2751
f 917/2749 914/2751 913/2752
f 915/2753 919/2754 917/2755
f 915/2753 917/2755 913/2756
f 920/2757 916/2758 914/2759
f 920/2757 914/2759 918/2760
